Product Category,Current Stock,Previous Month Sales,Average Weekly Sales,Current Selling Price,Competitor Price,Customer Rating,Festival Season,Predicted Demand
Home & Kitchen,463,363,92.38,123.4,122.06,3.5,Yes,477
Grocery,480,164,44.03,2.83,2.96,3.9,No,212
Home & Kitchen,509,478,118.75,127.49,124.49,3.8,No,519
Beauty & Personal Care,371,343,84.2,12.68,13.82,3.5,No,379
Home & Kitchen,392,469,120.64,42.94,42.0,4.2,Yes,591
Fashion,460,274,62.62,39.96,43.71,4.1,No,331
Sports & Outdoors,221,229,58.94,213.47,224.03,3.9,No,288
Electronics,293,171,37.46,992.31,907.87,4.3,No,199
Grocery,37,275,69.38,23.0,24.61,4.3,No,327
Beauty & Personal Care,9,113,27.02,50.57,48.29,2.5,No,156
Fashion,245,269,65.41,74.31,69.88,4.1,No,317
Sports & Outdoors,247,499,118.79,73.58,72.26,3.3,Yes,606
Sports & Outdoors,335,298,77.25,203.86,191.08,4.1,No,336
Electronics,415,245,60.17,1102.17,1051.94,3.0,Yes,318
Electronics,476,332,81.81,504.5,549.19,3.7,No,381
Electronics,85,456,118.21,1160.57,1102.96,2.6,No,461
Grocery,134,127,31.56,2.28,2.21,4.1,No,151
Sports & Outdoors,202,430,111.94,154.28,141.35,3.0,No,452
Sports & Outdoors,407,409,103.79,50.42,50.5,4.3,No,471
Home & Kitchen,477,366,93.32,28.27,30.76,4.2,No,389
Fashion,576,165,46.87,45.85,42.87,4.2,No,224
Grocery,591,23,7.25,8.05,8.37,4.0,No,81
Electronics,157,470,119.46,759.72,740.31,4.7,No,540
Beauty & Personal Care,396,183,47.17,20.67,18.68,3.0,No,221
Grocery,42,415,105.0,13.46,13.83,2.6,No,442
Grocery,520,41,11.49,20.18,20.19,3.7,Yes,196
Grocery,103,206,48.29,23.6,25.74,4.2,No,265
Grocery,132,202,44.67,21.55,20.66,4.6,No,252
Fashion,159,295,77.04,140.55,128.47,3.7,No,325
Electronics,412,407,98.2,887.61,862.67,4.5,No,439
Beauty & Personal Care,404,330,84.05,65.48,67.44,5.0,No,395
Sports & Outdoors,58,65,15.02,124.42,125.48,4.4,Yes,175
Grocery,354,458,117.4,7.88,8.61,3.5,No,524
Home & Kitchen,62,158,41.4,195.41,196.05,4.6,No,213
Fashion,100,243,66.09,22.86,24.76,3.4,No,311
Beauty & Personal Care,80,387,97.96,53.96,54.14,3.3,No,448
Fashion,457,158,37.46,27.71,26.66,3.7,No,192
Beauty & Personal Care,104,53,13.07,32.93,32.7,3.6,No,103
Fashion,520,194,52.82,82.92,88.83,2.9,No,243
Fashion,431,490,122.94,94.08,102.36,2.6,No,533
Beauty & Personal Care,306,282,71.82,73.19,68.74,3.8,Yes,392
Beauty & Personal Care,497,424,106.62,57.08,55.26,3.9,No,447
Grocery,196,427,106.48,24.24,24.47,3.5,No,485
Home & Kitchen,529,480,121.58,57.5,58.43,4.0,No,539
Electronics,400,369,96.17,486.05,524.5,3.9,No,438
Home & Kitchen,473,353,87.88,103.67,95.03,4.0,No,387
Home & Kitchen,227,67,18.62,27.33,27.3,4.3,Yes,219
Home & Kitchen,198,23,6.96,154.69,158.35,3.6,No,78
Beauty & Personal Care,136,43,6.41,66.52,72.47,2.9,No,97
Grocery,177,459,111.89,10.38,10.81,3.3,No,477
Beauty & Personal Care,5,256,61.95,16.55,15.28,3.9,No,289
Electronics,177,205,53.53,651.6,597.24,2.1,No,223
Beauty & Personal Care,536,317,79.46,79.49,72.71,4.6,No,363
Electronics,362,387,93.85,881.77,861.35,4.2,No,428
Home & Kitchen,182,422,101.14,45.74,45.41,4.4,No,459
Home & Kitchen,562,206,47.49,96.12,87.13,3.4,No,222
Grocery,246,267,66.38,15.16,16.43,4.4,Yes,377
Electronics,465,388,97.57,1001.08,1098.64,4.1,No,462
Electronics,569,112,29.03,937.41,1014.87,5.0,No,207
Sports & Outdoors,352,15,1.0,239.2,244.28,4.4,No,62
Fashion,393,264,70.65,85.22,91.22,4.0,No,313
Beauty & Personal Care,310,355,96.37,54.03,57.33,4.1,No,421
Fashion,339,352,84.45,137.06,132.9,2.5,No,393
Grocery,73,95,19.61,23.81,22.13,3.9,No,152
Fashion,187,276,62.8,100.51,95.29,3.8,Yes,363
Home & Kitchen,65,374,98.0,142.34,139.83,3.9,No,435
Fashion,350,65,13.8,26.97,24.92,3.5,No,95
Fashion,341,263,62.27,79.95,82.95,3.0,No,297
Fashion,530,306,78.34,39.91,37.59,4.4,No,342
Fashion,367,379,98.85,23.42,21.77,4.2,No,422
Home & Kitchen,43,288,76.57,56.07,53.48,2.2,No,302
Fashion,113,140,33.04,31.17,33.6,5.0,No,216
Fashion,558,125,35.94,90.3,91.86,4.3,No,176
Fashion,281,334,79.35,92.06,89.41,3.9,No,377
Sports & Outdoors,141,84,19.05,58.84,56.31,3.6,Yes,200
Beauty & Personal Care,122,50,10.01,79.8,86.13,4.5,Yes,184
Electronics,439,108,28.5,1125.84,1138.62,3.2,No,151
Fashion,324,132,34.48,110.98,104.31,4.1,No,205
Sports & Outdoors,14,307,79.04,90.35,92.05,3.9,No,381
Fashion,423,27,12.7,107.42,98.57,3.8,No,69
Sports & Outdoors,576,109,27.76,57.59,52.6,4.0,No,159
Electronics,414,243,61.09,361.71,337.38,4.2,No,281
Sports & Outdoors,426,146,38.96,175.5,173.81,2.7,No,154
Electronics,43,167,46.28,523.13,511.78,3.4,No,211
Grocery,293,212,53.5,9.37,8.69,4.3,No,279
Home & Kitchen,526,171,43.0,38.82,37.36,4.5,Yes,289
Beauty & Personal Care,19,137,33.03,46.63,45.5,4.1,No,184
Home & Kitchen,287,346,87.63,156.66,141.38,4.8,No,423
Beauty & Personal Care,145,162,35.16,41.26,44.95,4.9,Yes,304
Grocery,55,474,115.69,3.9,4.23,4.7,No,534
Beauty & Personal Care,5,476,116.03,78.91,84.26,3.8,Yes,587
Beauty & Personal Care,79,445,114.53,11.94,11.55,3.2,No,462
Sports & Outdoors,183,400,95.33,230.84,234.86,2.0,Yes,491
Home & Kitchen,473,212,48.41,16.44,15.82,3.4,No,261
Electronics,364,469,117.14,735.17,788.2,4.2,No,568
Beauty & Personal Care,433,492,123.18,62.0,58.4,3.8,Yes,603
Beauty & Personal Care,506,300,75.91,29.17,30.42,4.7,No,335
Sports & Outdoors,384,449,108.53,51.48,48.21,2.9,No,464
Electronics,332,101,24.48,729.31,693.41,4.6,Yes,219
Grocery,124,65,15.86,16.84,15.96,3.7,No,110
Sports & Outdoors,11,414,108.44,63.17,60.56,3.2,No,468
Beauty & Personal Care,527,161,42.56,16.84,18.11,4.9,No,240
Fashion,230,400,99.01,127.14,123.2,3.8,No,436
Fashion,119,356,90.42,120.27,110.99,4.1,No,403
Electronics,498,28,9.61,572.68,540.38,4.6,No,81
Beauty & Personal Care,157,112,29.04,27.61,24.95,2.8,No,155
Sports & Outdoors,172,392,96.32,47.9,45.64,4.1,No,446
Beauty & Personal Care,134,469,113.25,49.28,52.61,4.9,No,518
Home & Kitchen,300,324,79.96,124.6,118.25,4.0,No,378
Grocery,316,309,76.88,15.84,17.26,4.3,Yes,430
Electronics,158,264,64.27,671.18,684.18,4.0,No,292
Electronics,233,143,34.7,670.27,695.53,2.8,No,183
Home & Kitchen,573,186,45.58,163.41,178.51,3.4,No,218
Sports & Outdoors,204,94,22.82,220.14,230.36,4.3,No,168
Electronics,20,480,115.42,1187.05,1292.47,3.9,Yes,640
Sports & Outdoors,406,349,87.65,178.89,171.64,3.9,No,401
Grocery,175,117,29.54,6.91,6.39,3.6,Yes,250
Home & Kitchen,20,53,10.57,69.91,70.46,3.4,No,110
Beauty & Personal Care,145,440,109.35,41.26,45.31,4.6,Yes,572
Grocery,381,53,12.73,1.72,1.57,5.0,No,113
Fashion,146,428,101.95,114.57,108.58,2.7,Yes,528
Fashion,191,460,113.64,94.53,90.32,3.7,Yes,557
Fashion,157,307,79.7,142.54,141.61,3.8,No,354
Home & Kitchen,222,363,90.91,133.43,136.31,2.8,Yes,465
Electronics,577,255,65.3,377.14,378.52,4.7,No,318
Fashion,93,76,13.87,149.51,161.39,5.0,No,136
Electronics,199,82,17.98,1071.33,1021.11,4.0,Yes,190
Beauty & Personal Care,458,409,105.5,14.26,14.0,2.9,No,433
Beauty & Personal Care,44,330,82.63,73.27,74.32,4.6,No,367
Sports & Outdoors,174,230,58.89,202.4,208.81,4.5,No,297
Home & Kitchen,35,205,48.47,177.51,193.89,4.3,No,262
Grocery,299,451,113.19,18.97,17.68,4.2,No,503
Fashion,452,238,58.76,90.58,83.62,3.5,No,296
Sports & Outdoors,226,481,120.89,193.84,195.44,3.8,No,527
Beauty & Personal Care,528,491,121.08,63.5,69.18,4.2,Yes,610
Electronics,37,36,6.9,801.96,729.1,4.2,Yes,127
Sports & Outdoors,289,381,99.95,175.57,173.67,3.9,No,431
Beauty & Personal Care,386,171,46.25,29.48,31.48,3.4,Yes,297
Home & Kitchen,457,454,115.45,89.75,92.24,3.8,No,498
Home & Kitchen,275,436,109.73,53.69,50.61,4.0,No,478
Home & Kitchen,31,222,51.85,48.7,44.72,4.0,Yes,343
Grocery,157,363,92.57,4.58,4.15,4.0,No,420
Sports & Outdoors,505,220,59.91,73.17,74.02,5.0,No,299
Grocery,170,78,17.54,12.2,11.01,3.8,No,119
Grocery,50,315,79.52,19.11,17.76,4.2,Yes,436
Sports & Outdoors,593,106,23.02,180.08,182.23,3.3,No,148
Home & Kitchen,110,168,39.0,117.83,122.29,3.7,No,231
Sports & Outdoors,322,23,8.52,235.01,213.95,5.0,No,91
Home & Kitchen,26,332,81.99,135.56,137.0,5.0,No,418
Electronics,292,202,48.43,918.17,841.34,3.2,No,203
Grocery,39,314,83.68,6.87,7.55,4.2,No,365
Electronics,520,405,97.01,635.75,682.58,4.6,No,485
Home & Kitchen,254,378,94.59,113.23,113.55,5.0,No,437
Fashion,272,349,92.59,136.59,134.45,4.4,No,387
Grocery,482,251,66.49,7.04,7.43,3.8,No,295
Sports & Outdoors,18,16,1.99,57.53,61.61,2.7,No,53
Electronics,233,98,21.03,560.64,613.27,4.1,No,171
Home & Kitchen,596,454,113.22,85.37,80.88,4.2,No,496
Fashion,517,107,29.74,73.17,69.49,3.6,No,147
Home & Kitchen,160,135,29.84,125.05,121.47,4.9,No,197
Sports & Outdoors,286,122,28.95,246.87,228.25,3.9,No,173
Beauty & Personal Care,227,175,43.51,44.52,40.44,4.0,No,230
Grocery,379,192,49.28,4.45,4.12,2.4,Yes,287
Beauty & Personal Care,431,366,90.22,24.89,27.2,4.5,No,405
Fashion,349,428,114.21,132.3,134.17,3.9,Yes,562
Grocery,579,301,78.81,16.98,16.62,3.4,No,348
Electronics,328,175,46.77,971.5,984.52,3.7,No,245
Home & Kitchen,348,116,31.08,93.25,100.74,3.6,No,177
Sports & Outdoors,477,324,76.98,163.1,166.68,4.7,No,392
Grocery,7,442,117.24,1.84,1.87,4.2,No,483
Beauty & Personal Care,502,296,69.11,42.32,41.43,4.0,No,342
Beauty & Personal Care,145,421,110.71,39.02,42.12,3.1,Yes,548
Sports & Outdoors,160,289,72.15,75.34,72.1,3.2,No,302
Home & Kitchen,355,172,44.19,146.07,139.43,3.2,Yes,278
Home & Kitchen,40,88,20.38,66.1,69.98,4.3,Yes,206
Sports & Outdoors,30,399,99.3,102.77,103.31,4.1,No,473
Electronics,158,285,67.04,1031.85,1114.4,5.0,No,367
Grocery,246,114,25.33,11.46,11.84,4.1,No,156
Beauty & Personal Care,423,189,48.76,42.05,42.35,3.6,Yes,318
Fashion,558,471,124.38,67.77,69.05,4.1,Yes,593
Sports & Outdoors,222,139,37.68,247.95,229.52,4.7,Yes,275
Beauty & Personal Care,429,50,11.68,14.17,15.29,3.5,No,85
Home & Kitchen,234,283,68.47,162.07,153.44,3.9,No,345
Home & Kitchen,358,395,101.36,96.8,90.8,3.8,No,432
Sports & Outdoors,315,130,32.79,240.04,224.45,3.4,No,157
Electronics,241,69,17.49,943.97,915.19,4.7,No,129
Home & Kitchen,460,129,32.47,169.99,170.7,4.4,No,182
Home & Kitchen,365,52,14.09,40.27,36.75,3.7,No,97
Beauty & Personal Care,200,272,68.26,30.0,29.38,4.4,No,331
Home & Kitchen,162,115,32.96,84.3,84.32,4.5,No,151
Fashion,582,172,40.89,43.62,46.4,4.2,No,221
Sports & Outdoors,99,290,70.87,149.66,162.61,3.4,No,366
Sports & Outdoors,29,335,87.92,56.09,56.12,4.3,No,381
Beauty & Personal Care,536,496,125.05,44.44,42.06,4.1,No,529
Fashion,471,491,123.6,44.17,45.23,3.3,No,540
Fashion,87,280,63.95,43.59,43.46,4.4,No,346
Electronics,556,113,25.94,876.2,896.89,3.5,No,171
Home & Kitchen,578,235,62.32,128.54,129.24,3.2,No,275
Beauty & Personal Care,514,497,120.74,67.58,70.74,2.6,No,512
Beauty & Personal Care,17,260,63.83,64.9,65.97,3.2,No,305
Beauty & Personal Care,187,488,119.02,47.45,47.02,3.9,No,523
Fashion,109,246,63.16,124.44,127.28,3.7,No,307
Electronics,236,134,36.93,609.48,579.58,3.1,No,191
Fashion,471,278,67.68,135.84,139.55,3.5,No,322
Beauty & Personal Care,389,430,107.41,11.44,10.38,4.1,No,467
Sports & Outdoors,265,242,64.4,97.18,102.52,3.2,Yes,363
Beauty & Personal Care,364,364,88.61,45.06,48.65,3.8,No,390
Fashion,194,465,120.75,31.39,32.11,4.3,No,533
Fashion,355,280,68.07,147.3,150.3,4.5,No,364
Fashion,128,25,7.51,20.9,19.27,3.3,No,73
Fashion,117,487,120.22,140.32,145.26,3.4,No,507
Sports & Outdoors,306,133,35.99,221.63,210.92,5.0,No,206
Sports & Outdoors,545,149,40.62,78.29,78.91,3.3,No,188
Fashion,357,109,28.07,80.93,75.28,3.2,No,128
Grocery,190,205,51.74,22.11,21.82,3.3,Yes,314
Fashion,116,368,89.45,42.54,43.01,4.4,Yes,506
Beauty & Personal Care,18,407,101.35,62.79,56.95,3.9,No,459
Home & Kitchen,385,89,24.64,153.69,164.2,4.1,Yes,180
Home & Kitchen,409,34,6.47,36.19,37.37,4.4,Yes,158
Electronics,504,133,29.71,1067.98,1070.14,3.5,No,180
Home & Kitchen,323,390,102.39,162.95,155.45,4.6,No,459
Sports & Outdoors,187,131,30.8,200.32,201.01,3.1,No,167
Electronics,122,160,38.25,991.44,1044.3,3.8,No,216
Home & Kitchen,141,162,46.06,159.27,147.11,4.7,No,220
Fashion,258,414,104.41,147.25,137.39,2.9,No,461
Grocery,53,379,96.95,19.89,18.12,3.6,No,428
Beauty & Personal Care,317,88,22.47,53.44,48.63,4.1,No,136
Electronics,404,45,10.21,1118.75,1112.5,3.2,No,74
Sports & Outdoors,254,493,127.73,30.36,30.28,3.7,Yes,583
Fashion,476,431,110.1,119.2,109.34,4.5,No,471
Beauty & Personal Care,585,440,111.46,52.96,52.9,4.3,No,477
Electronics,293,417,105.95,474.13,516.52,3.3,No,469
Electronics,202,166,40.61,893.23,901.01,4.0,Yes,287
Beauty & Personal Care,298,16,7.45,55.82,52.65,5.0,No,84
Home & Kitchen,536,73,16.31,159.39,149.87,3.9,No,139
Home & Kitchen,385,228,57.82,13.41,12.41,3.2,No,273
Electronics,440,182,48.15,715.64,715.33,3.8,Yes,276
Grocery,76,417,101.14,11.87,11.15,4.8,No,462
Electronics,263,61,6.97,735.71,686.57,4.6,No,127
Beauty & Personal Care,548,430,108.05,55.11,51.28,5.0,Yes,545
Electronics,273,26,3.92,1187.84,1184.36,4.7,Yes,162
Grocery,480,367,89.43,2.19,2.33,3.5,No,390
Beauty & Personal Care,368,279,70.26,59.14,56.94,4.8,No,313
Fashion,194,484,119.18,126.81,122.63,4.3,No,519
Electronics,283,483,123.32,926.65,869.43,3.8,No,485
Beauty & Personal Care,70,122,34.23,41.93,45.95,3.3,No,174
Grocery,583,438,110.91,24.81,22.69,3.2,Yes,544
Sports & Outdoors,464,157,45.07,64.97,58.9,4.6,No,204
Electronics,358,53,14.1,1067.94,961.19,4.4,Yes,121
Home & Kitchen,428,342,78.67,34.48,33.88,3.8,Yes,467
Sports & Outdoors,77,168,43.62,212.27,232.72,4.5,No,247
Home & Kitchen,290,289,70.67,175.82,162.2,4.2,Yes,426
Electronics,338,334,78.4,1015.76,929.27,4.3,No,358
Electronics,39,134,38.63,344.6,315.58,4.4,Yes,247
Grocery,205,78,20.56,16.98,16.14,4.9,No,148
Electronics,592,496,125.93,1072.93,1088.33,2.0,No,528
Sports & Outdoors,554,61,14.08,53.73,50.19,3.3,No,123
Home & Kitchen,198,325,83.48,107.35,98.85,3.7,No,338
Fashion,577,361,90.38,100.6,91.97,5.0,No,411
Grocery,436,394,98.39,12.54,12.42,5.0,No,448
Beauty & Personal Care,559,354,88.75,8.4,7.57,2.9,No,380
Beauty & Personal Care,553,259,67.08,49.19,49.31,4.2,No,311
Electronics,498,55,14.15,1073.86,1089.92,4.8,Yes,189
Home & Kitchen,305,33,3.71,88.09,95.27,4.4,No,111
Fashion,328,117,31.68,20.48,22.0,4.3,No,167
Fashion,45,499,118.12,31.34,30.83,3.8,Yes,604
Fashion,567,461,119.24,134.89,137.55,4.8,No,524
Home & Kitchen,272,273,70.53,147.55,136.35,3.1,Yes,378
Grocery,227,249,70.28,2.53,2.34,3.6,No,316
Sports & Outdoors,34,298,74.08,106.04,113.5,3.4,No,339
Home & Kitchen,364,378,96.08,172.94,187.35,4.2,No,431
Home & Kitchen,197,431,107.53,109.9,110.16,4.2,Yes,537
Home & Kitchen,130,289,72.4,131.01,126.83,3.8,Yes,393
Beauty & Personal Care,438,406,102.13,34.25,32.32,3.9,No,454
Beauty & Personal Care,367,428,107.02,77.41,75.62,3.6,Yes,524
Fashion,174,276,67.91,117.09,116.12,4.3,Yes,394
Home & Kitchen,63,371,84.88,199.02,200.83,3.0,Yes,466
Beauty & Personal Care,383,238,60.84,32.51,32.78,4.0,No,275
Grocery,537,401,97.06,6.07,5.53,3.3,No,435
Grocery,439,399,101.23,15.14,14.05,5.0,No,449
Beauty & Personal Care,524,287,69.04,31.46,33.3,4.6,No,342
Home & Kitchen,144,388,95.3,53.27,58.21,4.1,No,442
Sports & Outdoors,528,163,41.73,28.57,29.6,5.0,No,219
Home & Kitchen,411,366,91.59,103.47,99.38,5.0,No,410
Grocery,369,217,53.58,18.55,20.01,4.4,No,275
Home & Kitchen,498,443,110.73,93.44,99.92,3.8,No,500
Beauty & Personal Care,324,301,77.91,74.91,67.88,4.5,No,344
Fashion,69,183,41.61,52.63,49.58,3.5,Yes,303
Home & Kitchen,205,39,7.91,11.08,12.05,4.0,No,100
Fashion,362,205,52.6,26.96,26.89,3.8,No,245
Grocery,87,369,98.58,15.06,15.66,4.4,Yes,475
Electronics,188,389,97.89,1034.18,980.86,3.1,No,401
Home & Kitchen,235,304,78.62,186.55,183.01,3.5,No,328
Electronics,341,172,42.6,1177.93,1202.31,4.9,Yes,300
Sports & Outdoors,416,88,27.4,31.87,33.03,4.8,No,149
Sports & Outdoors,294,44,7.9,137.24,127.44,3.4,No,94
Fashion,158,262,63.93,116.07,111.84,4.0,Yes,387
Electronics,581,357,94.04,762.43,757.39,4.2,Yes,477
Grocery,87,161,43.46,14.94,16.16,4.0,No,214
Home & Kitchen,179,193,50.52,26.97,27.98,2.2,No,220
Beauty & Personal Care,537,419,104.24,28.05,25.97,4.0,No,490
Beauty & Personal Care,500,312,76.77,15.55,15.55,4.6,No,364
Fashion,401,270,63.29,22.07,23.25,2.9,No,320
Electronics,166,343,83.89,1063.25,1112.27,4.7,No,425
Electronics,239,230,57.91,641.56,651.72,3.7,Yes,344
Sports & Outdoors,402,68,16.51,136.23,129.9,2.8,Yes,159
Fashion,175,177,36.56,86.68,88.33,3.8,Yes,306
Home & Kitchen,505,286,69.85,156.86,157.53,3.7,No,332
Electronics,377,47,9.21,823.95,835.59,4.4,No,112
Grocery,63,471,117.9,14.35,15.3,2.8,No,508
Home & Kitchen,108,118,29.19,152.01,151.21,2.7,Yes,223
Home & Kitchen,398,292,73.69,79.48,75.11,3.6,No,330
Grocery,568,315,81.46,5.35,5.5,3.9,No,379
Electronics,365,61,12.55,213.66,221.78,4.2,No,121
Grocery,298,262,60.68,13.26,13.74,4.0,Yes,362
Sports & Outdoors,586,17,4.82,53.95,53.36,4.2,No,80
Electronics,336,286,71.41,577.01,629.29,5.0,No,365
Grocery,145,485,116.4,3.22,3.3,4.2,No,528
Fashion,97,22,3.31,46.33,45.94,4.6,No,80
Fashion,326,50,12.5,63.2,68.59,4.3,No,96
Grocery,269,292,71.69,12.8,13.22,3.9,Yes,408
Electronics,21,107,28.6,655.63,673.39,3.8,No,158
Fashion,62,187,47.97,63.41,65.4,2.8,No,214
Electronics,103,415,105.99,305.59,316.56,3.6,No,444
Home & Kitchen,409,296,73.45,91.72,99.13,4.0,No,355
Home & Kitchen,562,413,104.87,113.46,106.75,3.3,No,435
Home & Kitchen,540,489,114.44,164.07,175.09,4.0,No,543
Fashion,185,455,112.31,77.54,70.49,4.2,No,496
Sports & Outdoors,321,183,43.72,243.67,230.32,3.9,No,238
Sports & Outdoors,347,317,78.76,59.91,57.63,4.5,No,387
Fashion,555,320,77.44,31.92,30.88,3.3,No,364
Sports & Outdoors,166,163,38.5,50.16,48.96,4.9,Yes,289
Sports & Outdoors,115,23,8.08,128.24,124.69,2.9,No,75
Sports & Outdoors,108,255,66.16,135.76,136.0,4.3,No,309
Grocery,481,212,53.69,18.63,19.98,4.2,No,262
Home & Kitchen,196,322,79.12,39.89,36.85,4.4,No,387
Electronics,47,351,84.47,975.52,1021.26,3.6,No,390
Grocery,529,427,105.68,20.7,20.89,5.0,No,486
Sports & Outdoors,26,497,124.81,174.13,178.48,4.1,No,557
Sports & Outdoors,128,454,115.35,234.79,251.26,3.9,No,507
Electronics,521,127,31.59,351.0,344.8,3.7,No,165
Sports & Outdoors,454,390,102.1,199.18,190.65,5.0,No,443
Sports & Outdoors,219,61,15.74,199.44,208.75,3.9,Yes,206
Home & Kitchen,574,43,9.27,71.8,78.14,4.2,Yes,171
Beauty & Personal Care,208,426,111.04,58.73,57.82,3.5,No,470
Fashion,443,359,87.65,114.92,117.92,5.0,Yes,495
Grocery,313,171,48.05,12.26,11.26,3.5,No,230
Electronics,69,366,88.06,790.51,760.93,4.4,No,385
Grocery,252,168,48.47,6.51,7.08,3.2,Yes,305
Electronics,424,298,76.67,808.86,790.36,3.9,No,348
Electronics,58,251,67.02,375.4,387.79,4.4,No,324
Beauty & Personal Care,252,141,34.28,66.12,70.9,3.9,No,209
Home & Kitchen,155,287,77.65,143.16,134.69,4.3,No,341
Sports & Outdoors,165,83,20.02,33.13,35.85,3.2,No,104
Grocery,391,30,8.72,20.84,22.64,4.2,No,107
Grocery,299,252,65.04,8.35,8.8,2.9,No,284
Electronics,449,458,116.93,849.79,898.63,3.7,No,524
Sports & Outdoors,189,182,48.18,119.0,122.55,3.5,No,241
Beauty & Personal Care,133,274,63.51,41.81,37.87,5.0,No,325
Fashion,307,135,38.08,50.13,46.72,4.3,No,182
Home & Kitchen,539,97,23.26,68.86,65.42,3.5,No,152
Fashion,181,66,13.9,132.81,141.53,4.3,No,119
Fashion,265,328,81.31,89.71,89.77,3.3,Yes,446
Grocery,562,428,108.45,11.82,12.08,4.2,Yes,536
Home & Kitchen,239,126,31.84,40.66,37.27,5.0,Yes,269
Fashion,251,152,39.05,100.68,102.33,3.7,No,198
Sports & Outdoors,179,141,33.04,240.57,246.17,3.4,No,192
Grocery,97,344,87.1,11.18,11.75,3.5,No,373
Beauty & Personal Care,75,62,12.72,32.28,29.97,4.1,No,118
Grocery,255,21,3.98,19.67,21.45,4.3,No,96
Beauty & Personal Care,77,401,106.34,57.58,54.74,4.6,Yes,545
Electronics,343,100,25.4,1035.49,1032.4,4.7,No,155
Grocery,439,464,114.75,1.81,1.78,2.1,No,470
Sports & Outdoors,561,20,2.98,106.51,107.4,3.5,No,70
Sports & Outdoors,578,349,87.05,31.45,32.89,3.5,No,372
Grocery,352,136,29.81,9.72,10.55,4.7,No,190
Home & Kitchen,372,496,124.81,22.63,23.84,5.0,No,564
Fashion,224,223,57.62,16.97,15.98,3.3,No,283
Sports & Outdoors,494,427,105.28,157.27,155.17,3.4,No,484
Fashion,44,346,89.83,78.98,82.4,3.3,No,380
Beauty & Personal Care,375,457,117.08,48.17,48.99,4.5,Yes,588
Electronics,160,398,102.59,726.81,731.64,4.8,No,469
Beauty & Personal Care,211,392,100.69,67.31,61.43,3.0,No,433
Sports & Outdoors,579,486,123.78,35.77,37.19,3.2,Yes,568
Sports & Outdoors,221,84,23.81,208.72,214.15,3.8,No,148
Beauty & Personal Care,31,244,60.12,14.79,15.52,4.3,No,308
Home & Kitchen,355,154,41.98,163.27,174.96,3.3,No,203
Electronics,308,305,74.74,173.55,168.71,4.1,No,369
Beauty & Personal Care,446,305,76.97,30.24,28.02,4.2,No,380
Beauty & Personal Care,280,139,37.82,50.26,51.07,5.0,No,203
Grocery,117,357,90.35,6.47,7.11,2.4,No,391
Sports & Outdoors,79,217,54.06,238.06,253.91,4.6,Yes,348
Beauty & Personal Care,68,442,116.39,58.19,59.92,3.9,No,487
Home & Kitchen,116,420,108.83,96.48,99.72,3.7,Yes,540
Electronics,160,389,96.71,627.62,650.93,3.0,No,400
Beauty & Personal Care,154,336,83.11,49.23,47.03,4.0,No,391
Home & Kitchen,49,22,6.12,56.79,58.96,4.4,No,99
Electronics,211,433,106.74,360.58,340.12,4.5,No,495
Beauty & Personal Care,354,236,57.94,39.35,38.53,3.3,No,281
Fashion,568,448,106.46,71.19,66.46,3.4,No,477
Beauty & Personal Care,97,98,24.31,28.04,29.71,4.2,No,149
Home & Kitchen,380,63,14.69,77.2,74.15,4.0,Yes,189
Sports & Outdoors,270,144,37.6,160.05,149.04,4.5,No,186
Grocery,443,442,110.55,7.93,7.91,3.8,No,474
Fashion,403,195,45.19,112.88,114.56,2.3,No,222
Electronics,432,54,10.38,540.04,507.12,5.0,No,106
Sports & Outdoors,191,225,53.85,202.93,187.64,4.1,No,263
Beauty & Personal Care,314,379,95.78,76.5,71.54,5.0,No,458
Home & Kitchen,57,53,13.54,63.09,58.44,4.0,No,95
Beauty & Personal Care,391,260,62.85,67.45,64.56,3.1,No,296
Grocery,291,90,26.04,20.2,18.89,4.0,No,151
Sports & Outdoors,485,402,99.58,15.15,16.27,4.3,No,467
Electronics,332,413,101.34,398.94,434.73,3.3,No,454
Grocery,515,283,68.55,12.5,12.42,3.5,No,328
Electronics,571,300,78.51,329.24,298.32,3.6,No,319
Electronics,5,194,50.46,685.35,685.52,2.4,No,245
Home & Kitchen,76,241,57.92,73.84,73.33,4.4,No,297
Grocery,510,246,62.96,6.2,5.65,5.0,No,321
Beauty & Personal Care,196,227,58.98,35.89,32.78,4.0,Yes,338
Electronics,277,241,59.83,589.51,565.05,3.0,Yes,325
Sports & Outdoors,222,161,38.42,160.61,163.81,3.3,No,200
Beauty & Personal Care,256,322,82.45,56.82,57.31,3.3,No,339
Grocery,451,252,62.67,7.63,7.39,3.3,No,275
Grocery,515,151,37.1,7.14,7.44,3.3,No,178
Fashion,14,81,19.69,104.36,109.6,2.8,No,113
Grocery,166,456,111.38,23.63,24.97,4.7,No,507
Fashion,582,354,86.08,55.35,51.0,4.6,No,399
Electronics,147,354,85.33,1022.5,944.77,4.1,No,389
Fashion,74,264,67.25,100.35,102.03,3.4,No,303
Home & Kitchen,246,105,28.4,187.0,199.0,5.0,No,189
Fashion,447,359,92.19,28.33,25.93,3.4,No,401
Electronics,449,374,91.46,184.07,189.91,3.2,Yes,481
Beauty & Personal Care,251,452,117.1,10.29,10.87,3.7,No,478
Beauty & Personal Care,26,125,31.63,49.36,45.79,4.4,No,186
Sports & Outdoors,170,113,24.39,204.34,197.32,2.9,No,126
Sports & Outdoors,419,177,35.75,66.99,65.4,4.2,No,229
Beauty & Personal Care,394,177,43.82,51.32,55.81,3.4,No,227
Fashion,23,402,97.55,90.9,94.8,3.8,Yes,506
Grocery,436,253,61.49,9.83,9.93,4.1,No,301
Beauty & Personal Care,132,159,38.87,72.75,79.48,5.0,No,223
Sports & Outdoors,194,435,108.25,57.72,53.76,3.4,No,464
Beauty & Personal Care,561,208,50.39,48.11,45.53,5.0,No,271
Fashion,462,278,69.35,66.25,63.82,3.5,No,316
Beauty & Personal Care,498,235,58.48,36.67,36.26,4.1,Yes,365
Home & Kitchen,461,18,4.51,92.42,87.79,5.0,No,94
Grocery,508,461,109.96,7.89,7.11,5.0,No,506
Sports & Outdoors,519,305,75.86,199.08,189.76,4.3,No,325
Grocery,34,247,57.65,6.16,5.62,3.8,No,302
Electronics,498,426,107.06,614.36,650.88,3.2,No,465
Electronics,409,39,9.08,844.8,862.11,3.6,Yes,157
Sports & Outdoors,58,187,43.51,80.77,77.18,3.3,Yes,290
Grocery,337,32,3.83,21.66,22.66,3.1,No,62
Home & Kitchen,579,260,59.8,144.79,138.17,4.1,No,302
Sports & Outdoors,179,57,12.44,204.33,193.06,4.3,No,103
Home & Kitchen,465,115,20.03,73.54,71.99,3.6,No,170
Grocery,150,325,82.19,5.12,4.76,3.3,No,348
Beauty & Personal Care,225,452,112.71,58.2,54.63,3.6,No,474
Home & Kitchen,13,343,82.05,53.7,52.75,4.4,No,379
Home & Kitchen,304,64,12.69,150.21,146.02,3.7,No,120
Beauty & Personal Care,320,429,112.74,28.84,28.65,3.0,No,486
Electronics,345,366,90.38,1131.15,1173.93,4.2,No,420
Fashion,186,213,51.22,49.16,52.75,3.6,No,268
Fashion,385,319,81.96,72.92,69.65,5.0,No,390
Electronics,189,347,86.58,844.2,869.9,4.4,No,395
Home & Kitchen,205,256,63.14,186.48,180.21,2.4,No,294
Home & Kitchen,573,53,14.68,129.96,128.05,3.0,No,96
Sports & Outdoors,132,208,56.87,132.57,121.15,5.0,Yes,353
Beauty & Personal Care,484,370,94.61,51.59,49.61,4.2,No,434
Beauty & Personal Care,341,137,31.84,39.85,36.2,3.6,No,188
Sports & Outdoors,376,302,81.32,206.16,223.65,3.8,No,322
Grocery,255,220,52.25,7.48,6.75,4.8,No,295
Sports & Outdoors,591,464,116.68,157.68,154.17,3.7,No,501
Sports & Outdoors,62,358,87.11,30.47,32.85,3.8,No,377
Fashion,479,427,105.98,131.04,133.46,3.2,No,478
Home & Kitchen,175,218,49.77,162.78,160.37,4.2,No,261
Beauty & Personal Care,141,379,89.54,69.2,65.0,3.9,No,406
Home & Kitchen,431,454,117.04,54.41,55.91,5.0,No,508
Home & Kitchen,380,244,56.42,134.06,124.78,3.9,Yes,360
Grocery,425,373,89.15,17.99,18.19,3.8,No,401
Sports & Outdoors,219,274,72.19,108.05,113.59,2.3,No,291
Beauty & Personal Care,168,293,75.56,32.88,34.96,2.7,No,315
Sports & Outdoors,511,428,106.99,236.15,253.75,4.1,Yes,551
Beauty & Personal Care,173,78,12.71,40.79,40.1,3.2,No,108
Beauty & Personal Care,431,320,77.7,36.91,35.71,3.7,Yes,420
Sports & Outdoors,287,232,55.69,42.37,40.29,3.7,No,262
Home & Kitchen,308,427,107.61,37.26,34.66,5.0,Yes,539
Sports & Outdoors,272,488,122.83,62.18,59.88,1.6,No,504
Beauty & Personal Care,23,269,68.96,75.74,70.05,4.3,Yes,382
Beauty & Personal Care,159,416,106.05,56.4,56.19,4.0,No,473
Home & Kitchen,176,261,64.18,53.07,53.78,4.7,Yes,370
Sports & Outdoors,382,288,74.52,105.06,99.1,4.0,No,320
Home & Kitchen,148,383,94.94,105.67,96.54,2.2,Yes,452
Sports & Outdoors,420,181,41.22,162.03,164.35,4.3,Yes,310
Beauty & Personal Care,391,494,125.19,68.28,68.87,4.9,Yes,605
Grocery,151,280,68.57,2.7,2.64,3.0,No,310
Fashion,199,354,90.23,79.05,71.26,3.9,No,393
Electronics,412,330,80.95,1113.42,1175.28,3.7,No,365
Fashion,175,222,59.55,128.69,123.46,2.8,No,259
Sports & Outdoors,183,467,119.68,33.04,29.76,2.4,No,504
Electronics,433,246,59.31,835.62,848.93,4.3,Yes,374
Beauty & Personal Care,499,211,54.61,47.38,47.14,4.6,No,296
Grocery,237,161,37.28,24.82,23.53,3.9,No,209
Electronics,293,65,18.28,167.51,157.28,4.9,No,135
Beauty & Personal Care,347,140,36.43,12.29,12.76,3.7,No,177
Home & Kitchen,443,324,81.5,156.09,171.51,3.5,Yes,435
Grocery,317,377,90.73,11.33,11.01,4.9,Yes,525
Grocery,351,315,77.14,12.62,11.47,4.4,No,374
Beauty & Personal Care,405,104,31.34,44.95,41.63,2.6,No,134
Home & Kitchen,79,439,108.08,88.95,96.21,3.2,No,482
Beauty & Personal Care,39,369,92.62,12.38,11.22,3.3,Yes,492
Sports & Outdoors,29,15,4.44,224.3,228.65,4.7,No,87
Electronics,49,56,14.58,339.82,324.11,3.5,No,89
Sports & Outdoors,546,35,14.51,34.17,31.35,3.0,Yes,157
Home & Kitchen,392,395,103.73,164.25,148.28,4.8,No,465
Electronics,529,286,73.49,892.37,921.38,2.5,No,322
Grocery,168,205,50.3,6.93,7.48,3.3,Yes,307
Beauty & Personal Care,576,282,72.6,10.9,10.93,3.7,No,335
Sports & Outdoors,17,488,122.56,198.74,209.31,3.2,No,522
Fashion,196,373,97.42,64.54,59.99,4.5,No,414
Home & Kitchen,496,481,125.24,109.45,118.68,4.2,No,541
Grocery,148,197,50.46,16.58,15.01,3.3,No,227
Fashion,526,234,58.39,96.0,95.72,4.4,No,291
Fashion,156,50,13.83,142.58,147.79,3.3,No,89
Sports & Outdoors,570,496,121.63,29.97,28.03,3.9,Yes,604
Sports & Outdoors,316,329,84.7,45.95,47.83,3.6,No,389
Grocery,579,260,69.46,8.72,9.35,4.3,No,330
Home & Kitchen,376,179,52.21,97.57,103.98,4.1,No,239
Sports & Outdoors,54,461,117.25,180.82,196.09,3.6,Yes,568
Sports & Outdoors,595,220,53.46,97.2,104.25,3.8,No,281
Beauty & Personal Care,86,430,105.31,79.67,86.23,4.0,Yes,526
Sports & Outdoors,314,469,117.3,134.32,124.61,4.6,No,486
Electronics,310,70,13.31,706.57,702.05,4.8,No,126
Fashion,486,142,31.9,49.65,52.15,2.3,No,158
Electronics,430,339,88.04,422.58,380.46,4.7,No,359
Electronics,534,336,85.44,326.21,301.44,4.4,Yes,440
Electronics,110,230,59.8,473.09,448.7,4.0,No,270
Electronics,430,453,117.01,508.31,502.64,3.6,No,497
Sports & Outdoors,300,300,76.29,197.84,196.29,3.9,No,351
Sports & Outdoors,478,484,122.01,108.68,116.57,4.1,No,516
Grocery,87,212,51.45,9.43,10.05,3.4,Yes,314
Sports & Outdoors,558,333,80.55,244.71,259.78,2.5,No,361
Electronics,573,308,76.02,486.42,453.76,3.6,No,340
Home & Kitchen,532,496,124.54,24.79,27.05,4.8,No,555
Fashion,395,350,86.78,30.6,32.66,3.7,No,393
Home & Kitchen,331,195,45.77,81.64,79.9,3.2,No,251
Fashion,505,139,37.01,75.37,80.34,3.2,No,205
Fashion,48,212,51.1,40.1,43.72,4.4,No,278
Grocery,338,199,51.1,18.09,18.1,3.9,No,265
Beauty & Personal Care,587,168,43.87,53.59,53.06,4.8,No,236
Fashion,587,57,16.84,24.32,23.52,4.6,No,105
Fashion,60,240,61.54,47.65,46.94,5.0,No,314
Sports & Outdoors,118,169,49.76,182.48,171.28,2.4,No,173
Beauty & Personal Care,541,285,70.1,13.2,13.4,3.0,No,302
Sports & Outdoors,134,55,15.52,33.94,31.54,3.5,No,100
Electronics,345,332,81.39,267.06,270.82,4.6,No,400
Fashion,18,379,95.12,133.34,139.44,4.5,No,416
Electronics,269,171,43.89,924.82,942.84,3.8,No,228
Home & Kitchen,437,499,118.78,175.8,161.28,5.0,No,544
Fashion,181,494,116.91,137.79,139.69,3.8,No,543
Electronics,412,69,14.44,1024.58,1124.12,4.2,No,179
Beauty & Personal Care,161,324,79.33,36.94,38.22,3.8,No,395
Home & Kitchen,125,350,85.47,135.72,128.1,4.1,No,383
Beauty & Personal Care,286,226,53.85,72.65,73.01,2.1,No,214
Fashion,280,248,63.27,146.93,139.36,4.6,No,310
Grocery,560,60,19.56,19.59,21.45,4.4,No,118
Home & Kitchen,484,292,73.59,30.55,32.64,2.8,Yes,408
Grocery,147,276,70.37,3.48,3.38,3.6,No,306
Beauty & Personal Care,271,307,76.0,16.58,15.39,4.0,No,332
Sports & Outdoors,368,342,85.9,86.97,82.88,4.1,No,390
Fashion,401,136,31.31,28.69,30.36,3.8,Yes,270
Fashion,334,120,31.7,93.66,86.62,4.1,Yes,228
Grocery,313,281,71.39,16.15,16.48,5.0,No,332
Home & Kitchen,442,24,4.23,157.14,153.54,4.4,No,91
Home & Kitchen,298,320,81.85,23.25,25.08,2.8,No,344
Sports & Outdoors,246,203,44.52,231.33,208.75,3.7,No,233
Beauty & Personal Care,356,262,64.13,20.93,20.01,2.8,No,261
Home & Kitchen,29,318,78.53,167.32,163.24,3.5,No,371
Fashion,92,189,46.61,71.93,65.31,5.0,No,234
Beauty & Personal Care,168,44,8.66,63.19,69.08,3.7,No,73
Electronics,144,338,84.92,1040.59,1079.13,3.3,No,384
Fashion,254,323,77.04,23.62,22.76,4.0,No,372
Home & Kitchen,155,170,43.17,111.24,119.26,4.6,No,230
Sports & Outdoors,173,202,49.11,141.28,132.58,4.2,No,246
Fashion,581,262,63.2,137.69,144.86,3.1,Yes,382
Home & Kitchen,223,25,7.19,199.15,197.17,4.0,No,76
Grocery,304,158,40.91,9.53,10.46,4.2,No,220
Home & Kitchen,288,104,26.24,26.47,26.67,3.9,No,154
Sports & Outdoors,185,240,60.49,191.58,208.49,3.1,No,302
Electronics,403,85,24.3,1125.87,1059.4,4.4,No,119
Grocery,424,24,4.13,8.66,9.5,4.8,No,100
Beauty & Personal Care,230,465,119.2,61.34,61.86,4.2,No,508
Electronics,372,269,71.5,616.8,646.7,3.7,Yes,377
Grocery,154,361,90.92,17.34,15.66,4.6,No,414
Home & Kitchen,371,213,52.05,58.72,63.82,4.1,No,262
Grocery,543,313,80.92,18.36,18.66,3.9,No,344
Home & Kitchen,48,428,99.11,193.67,201.31,3.4,No,460
Fashion,407,357,87.62,69.23,69.27,4.6,No,400
Sports & Outdoors,584,434,106.69,85.0,89.76,2.8,Yes,531
Grocery,448,48,6.06,2.73,2.7,3.5,No,93
Electronics,62,106,32.11,1159.49,1191.01,3.8,Yes,245
Electronics,450,76,26.05,599.77,543.04,3.4,No,121
Fashion,131,122,23.22,67.54,72.77,3.7,No,175
Sports & Outdoors,61,485,121.45,224.25,213.61,3.5,No,510
Electronics,440,251,58.04,207.71,210.97,4.2,No,266
Home & Kitchen,501,123,30.5,145.45,142.33,4.7,No,185
Electronics,377,297,75.93,420.51,416.3,4.7,No,366
Sports & Outdoors,208,265,67.59,37.79,34.43,3.7,Yes,374
Beauty & Personal Care,369,160,39.11,14.52,15.01,4.0,No,186
Home & Kitchen,107,162,38.22,105.86,100.8,3.4,Yes,237
Sports & Outdoors,483,430,109.27,149.23,160.08,4.0,No,468
Sports & Outdoors,498,176,41.73,122.61,120.02,3.7,No,223
Fashion,198,403,97.84,84.38,87.59,3.6,No,453
Grocery,92,220,51.64,18.81,17.12,4.6,Yes,350
Home & Kitchen,126,120,28.19,70.94,66.57,3.0,No,130
Electronics,49,210,51.44,670.84,604.8,4.6,No,232
Home & Kitchen,78,285,73.3,15.77,16.85,2.9,Yes,388
Grocery,142,81,20.16,6.67,6.34,3.4,No,115
Sports & Outdoors,520,225,53.87,111.62,116.17,3.5,No,253
Grocery,477,497,122.36,3.1,2.99,4.4,No,550
Sports & Outdoors,593,155,39.9,99.52,103.25,3.6,No,202
Home & Kitchen,231,80,23.66,155.59,149.49,3.1,No,136
Fashion,121,367,99.25,68.57,67.63,4.0,No,400
Fashion,74,376,92.65,18.66,18.47,5.0,No,436
Electronics,74,240,55.97,421.01,417.98,4.2,Yes,367
Sports & Outdoors,53,144,36.77,118.08,107.19,4.5,No,193
Beauty & Personal Care,304,288,78.29,54.01,49.49,2.7,No,316
Fashion,305,101,18.14,29.41,30.29,5.0,No,172
Sports & Outdoors,457,328,85.92,161.06,152.04,4.5,Yes,451
Home & Kitchen,186,240,59.86,106.33,107.86,4.2,No,277
Home & Kitchen,106,396,102.67,60.07,57.42,4.7,No,465
Sports & Outdoors,285,80,23.99,45.16,46.52,4.8,No,156
Grocery,192,400,104.49,20.92,21.76,3.4,No,441
Sports & Outdoors,393,203,52.77,94.48,102.3,3.8,No,273
Beauty & Personal Care,261,360,86.74,59.5,56.74,3.4,No,390
Beauty & Personal Care,362,273,62.91,13.54,14.0,2.3,No,297
Sports & Outdoors,275,35,4.01,74.75,76.71,5.0,No,105
Sports & Outdoors,411,168,44.49,219.36,205.74,4.5,No,212
Sports & Outdoors,224,426,105.7,40.73,38.31,3.9,No,474
Beauty & Personal Care,77,403,101.71,28.43,29.53,4.4,No,442
Sports & Outdoors,6,139,36.15,206.02,209.27,4.8,No,212
Home & Kitchen,121,164,42.91,64.37,66.18,4.2,No,222
Grocery,540,60,13.62,19.7,18.59,3.6,No,109
Fashion,119,49,14.24,49.21,53.1,3.4,No,79
Electronics,280,40,9.13,356.5,388.39,4.2,No,95
Fashion,314,131,33.2,55.71,52.24,4.2,No,196
Fashion,185,97,18.73,122.4,113.62,4.1,Yes,203
Home & Kitchen,70,178,44.04,41.34,38.24,3.7,No,238
Beauty & Personal Care,565,324,84.43,20.4,20.12,3.1,No,363
Beauty & Personal Care,499,16,7.27,78.56,86.19,4.7,No,83
Electronics,16,225,57.97,1049.95,1116.54,3.5,No,261
Grocery,33,403,101.86,7.44,6.8,4.3,No,471
Sports & Outdoors,235,134,36.02,200.97,208.23,3.6,Yes,234
Grocery,465,284,73.46,5.67,5.11,4.0,No,345
Home & Kitchen,238,66,12.81,184.0,184.11,3.6,No,115
Electronics,390,140,30.55,970.82,913.3,4.0,No,166
Electronics,176,193,48.56,324.87,356.46,3.5,Yes,330
Home & Kitchen,387,61,15.23,170.16,168.32,4.4,No,137
Sports & Outdoors,192,388,92.86,140.68,154.64,4.8,No,446
Fashion,104,319,79.1,96.58,99.09,4.6,No,372
Fashion,332,269,68.72,38.32,39.25,4.3,No,314
Grocery,417,229,57.71,11.73,11.79,4.3,Yes,374
Grocery,110,243,58.99,18.71,17.71,4.1,No,307
Home & Kitchen,22,387,95.83,59.08,63.42,4.7,No,450
Beauty & Personal Care,54,53,9.59,44.53,44.01,3.6,No,90
Sports & Outdoors,190,120,31.91,130.71,122.67,5.0,No,183
Sports & Outdoors,237,40,11.88,140.27,143.96,3.1,No,87
Fashion,38,197,47.55,69.85,75.81,3.6,No,240
Fashion,333,134,30.69,130.45,126.76,4.9,No,206
Home & Kitchen,579,474,114.73,146.34,154.44,4.4,No,513
Electronics,178,144,35.43,175.9,172.62,4.0,No,177
Beauty & Personal Care,196,433,107.03,22.89,24.84,4.0,No,465
Fashion,153,180,48.2,130.85,128.44,4.1,No,224
Electronics,433,335,85.48,576.79,608.15,3.8,No,408
Fashion,73,258,67.81,44.11,46.88,4.1,No,295
Electronics,224,99,25.13,754.58,776.49,3.1,Yes,222
Electronics,345,144,45.68,886.43,800.34,4.0,No,164
Beauty & Personal Care,458,34,6.13,57.28,57.32,3.9,No,97
Electronics,265,321,78.62,1052.94,992.51,3.4,No,337
Fashion,165,292,73.87,141.15,132.87,3.3,No,330
Home & Kitchen,502,30,4.24,27.0,26.56,4.3,Yes,152
Fashion,309,91,20.98,52.01,50.14,4.1,No,128
Beauty & Personal Care,83,74,13.01,28.82,28.54,3.8,No,108
Electronics,363,303,77.69,712.47,697.39,3.9,No,359
Sports & Outdoors,535,252,61.31,28.03,28.33,4.4,No,308
Grocery,527,340,84.8,9.35,8.61,4.9,No,389
Beauty & Personal Care,528,236,57.44,30.11,27.31,4.2,No,263
Grocery,287,255,60.16,8.04,7.53,4.7,No,302
Home & Kitchen,202,451,114.71,14.02,13.79,3.4,No,503
Beauty & Personal Care,547,240,56.8,66.92,69.37,5.0,Yes,380
Fashion,41,238,58.66,39.1,39.05,4.4,No,290
Fashion,437,151,40.36,22.02,20.32,3.1,Yes,263
Grocery,368,410,106.97,15.32,15.83,4.1,Yes,529
Fashion,508,98,23.9,140.98,144.85,3.3,No,147
Sports & Outdoors,416,64,14.56,21.46,21.05,3.2,No,112
Grocery,376,309,79.2,24.9,25.72,3.3,No,337
Beauty & Personal Care,247,83,18.26,26.34,26.28,4.0,Yes,204
Electronics,241,351,87.88,703.36,712.02,4.8,Yes,498
Beauty & Personal Care,330,351,84.99,43.94,40.51,2.9,Yes,442
Grocery,28,358,92.48,19.89,21.63,4.9,No,429
Electronics,120,377,92.83,226.15,235.34,4.4,No,429
Beauty & Personal Care,241,56,11.53,36.96,33.64,3.0,No,80
Home & Kitchen,297,275,71.15,29.92,28.53,5.0,Yes,420
Fashion,490,21,2.55,64.51,59.42,4.3,No,92
Home & Kitchen,475,211,47.17,115.28,107.78,4.6,No,258
Beauty & Personal Care,177,469,117.54,61.32,64.47,3.3,No,513
Home & Kitchen,217,295,76.4,98.12,91.72,4.7,No,327
Grocery,463,220,53.9,21.51,20.03,3.7,No,260
Home & Kitchen,240,235,61.39,188.77,195.22,3.5,No,307
Beauty & Personal Care,159,260,68.07,22.04,23.48,3.6,No,305
Sports & Outdoors,91,54,11.67,48.28,44.44,3.3,No,97
Grocery,156,256,63.63,21.9,23.57,4.1,No,306
Grocery,83,177,44.18,19.78,19.31,2.4,No,195
Home & Kitchen,448,397,100.42,137.44,131.1,2.3,No,421
Fashion,243,355,84.71,26.39,27.37,3.2,Yes,474
Sports & Outdoors,168,406,98.87,27.39,24.86,2.2,No,404
Electronics,239,70,17.67,950.57,1026.67,3.4,No,150
Home & Kitchen,107,322,79.98,196.2,199.98,3.7,No,360
Fashion,296,76,19.07,145.74,146.92,4.4,No,135
Electronics,227,166,41.78,810.89,771.47,4.5,No,201
Fashion,89,154,38.52,98.09,92.06,5.0,No,229
Beauty & Personal Care,66,45,14.38,72.23,75.59,4.9,No,106
Fashion,242,100,27.89,26.9,26.44,4.5,No,176
Sports & Outdoors,481,169,40.26,216.38,224.35,2.6,No,209
Grocery,448,390,97.78,9.23,8.89,4.4,Yes,512
Home & Kitchen,228,415,102.62,178.33,188.14,3.4,No,462
Home & Kitchen,100,177,43.26,73.91,75.19,4.1,No,224
Sports & Outdoors,586,360,91.72,74.25,74.11,3.4,Yes,491
Electronics,108,328,88.16,282.44,284.11,4.6,No,418
Electronics,27,301,77.54,202.07,185.69,2.8,Yes,381
Sports & Outdoors,516,226,61.61,96.61,92.07,4.1,No,282
Fashion,271,59,12.45,141.09,148.61,3.9,No,116
Sports & Outdoors,327,189,47.48,232.29,233.09,4.0,Yes,299
Fashion,400,195,48.63,143.32,139.98,2.9,No,231
Electronics,213,63,14.67,1164.32,1078.31,3.7,No,77
Beauty & Personal Care,456,108,27.57,68.56,62.2,3.9,No,160
Grocery,132,243,61.04,2.73,2.88,4.2,No,301
Sports & Outdoors,33,411,100.37,141.21,147.91,4.4,No,456
Beauty & Personal Care,301,307,78.36,79.9,72.31,3.6,No,361
Sports & Outdoors,328,217,53.88,172.29,185.67,3.8,No,276
Beauty & Personal Care,534,75,17.16,27.34,27.31,4.0,No,118
Fashion,479,106,24.05,80.3,77.0,4.7,No,173
Electronics,122,100,23.93,788.26,773.03,3.2,No,142
Beauty & Personal Care,50,103,26.73,40.57,37.89,5.0,No,176
Home & Kitchen,562,427,107.43,80.39,81.5,3.6,No,470
Electronics,323,105,23.31,412.38,400.52,4.6,Yes,200
Sports & Outdoors,452,26,5.36,74.22,80.47,4.6,No,120
Grocery,559,199,46.67,4.53,4.56,3.9,No,239
Electronics,180,404,101.43,706.95,729.97,2.8,No,465
Sports & Outdoors,272,267,70.3,195.29,213.75,4.3,No,353
Grocery,132,306,78.02,4.75,4.91,5.0,No,374
Beauty & Personal Care,207,280,74.74,65.18,65.11,3.7,No,340
Fashion,47,436,108.41,107.57,115.29,3.2,No,466
Fashion,217,341,82.8,54.98,55.77,3.6,No,387
Home & Kitchen,296,397,100.12,187.2,183.25,3.4,No,445
Beauty & Personal Care,325,217,55.33,26.23,26.52,4.6,No,283
Grocery,142,43,9.62,17.81,16.09,2.9,No,66
Grocery,389,412,98.11,8.17,8.14,3.5,No,460
Fashion,565,351,86.18,92.11,96.63,2.9,No,372
Electronics,154,87,19.06,388.69,376.19,3.3,No,118
Electronics,553,148,36.02,243.81,240.78,3.4,No,178
Grocery,582,179,44.98,19.98,18.05,3.6,No,222
Fashion,406,377,98.36,141.02,136.64,4.1,No,413
Beauty & Personal Care,397,358,90.03,70.05,69.73,3.2,No,375
Sports & Outdoors,64,334,81.41,86.51,79.35,4.1,No,393
Beauty & Personal Care,446,319,84.6,12.64,13.83,5.0,No,382
Beauty & Personal Care,105,42,12.81,66.08,60.13,4.8,Yes,183
Beauty & Personal Care,142,141,34.43,44.23,42.6,2.4,No,172
Beauty & Personal Care,539,280,73.28,29.85,29.24,3.7,No,304
Beauty & Personal Care,597,121,35.82,34.3,34.54,4.7,No,183
Beauty & Personal Care,136,219,59.52,30.79,32.48,3.8,Yes,359
Home & Kitchen,590,68,17.44,163.79,173.62,4.4,No,126
Fashion,118,414,105.12,106.27,104.25,4.5,No,468
Grocery,358,180,41.77,24.25,26.26,4.2,Yes,298
Home & Kitchen,481,459,110.85,123.81,113.21,4.0,Yes,568
Grocery,535,478,120.87,16.4,15.0,3.7,No,512
Home & Kitchen,89,37,11.27,145.88,140.48,3.3,No,76
Sports & Outdoors,160,496,123.38,60.32,56.59,4.7,No,548
Sports & Outdoors,289,152,35.61,16.15,17.56,5.0,No,214
Fashion,132,34,7.99,135.99,144.33,2.2,Yes,116
Beauty & Personal Care,232,33,16.56,69.84,71.64,4.4,No,111
Electronics,295,156,38.83,586.87,642.96,4.7,No,225
Home & Kitchen,512,150,42.07,137.74,138.6,3.8,No,206
Home & Kitchen,110,153,37.95,133.34,138.62,3.6,No,200
Grocery,574,102,22.92,23.77,23.65,4.7,No,154
Electronics,450,239,59.26,226.01,216.53,3.9,No,288
Fashion,67,223,54.87,78.96,78.12,4.3,No,251
Sports & Outdoors,514,63,8.6,239.12,245.92,4.4,No,127
Beauty & Personal Care,253,332,83.87,37.83,34.9,4.0,No,370
Sports & Outdoors,70,442,115.24,209.56,220.93,3.6,Yes,582
Electronics,321,60,15.21,491.99,489.29,3.5,No,121
Electronics,14,164,38.42,1091.1,1070.26,4.2,No,222
Grocery,487,71,13.19,5.89,6.28,3.4,No,128
Beauty & Personal Care,27,389,95.01,26.03,27.62,3.4,No,439
Electronics,195,27,6.79,232.46,225.78,4.1,No,101
Grocery,424,407,99.38,3.29,3.44,5.0,No,474
Beauty & Personal Care,15,378,90.48,70.17,76.02,3.6,No,425
Electronics,393,140,38.09,985.05,913.24,4.4,No,168
Electronics,349,132,27.33,636.73,686.12,5.0,No,192
Fashion,422,445,114.51,32.69,33.35,4.4,Yes,570
Electronics,388,342,85.24,604.06,618.94,3.9,Yes,454
Electronics,198,383,95.23,420.7,412.86,3.9,No,439
Fashion,233,311,82.37,149.27,148.73,3.7,Yes,448
Sports & Outdoors,500,491,118.42,30.74,27.84,4.4,No,532
Grocery,385,477,118.72,5.22,5.52,3.1,Yes,564
Home & Kitchen,573,293,76.37,87.9,87.58,4.0,Yes,419
Fashion,355,104,25.54,89.81,90.3,4.4,No,177
Home & Kitchen,357,304,76.45,153.22,144.61,4.1,No,363
Home & Kitchen,394,237,55.34,63.3,67.36,4.1,No,318
Home & Kitchen,77,87,26.55,88.08,90.36,4.3,No,169
Grocery,284,212,57.19,19.27,18.41,4.7,No,269
Fashion,353,187,46.77,46.54,45.7,2.9,No,188
Grocery,150,125,25.58,5.63,5.23,4.1,Yes,242
Sports & Outdoors,524,271,69.1,142.31,131.81,3.6,No,322
Fashion,476,373,90.53,84.98,78.4,3.5,No,390
Fashion,248,37,9.46,34.91,35.69,2.7,No,75
Sports & Outdoors,128,27,5.95,45.92,44.1,3.8,Yes,155
Fashion,221,343,84.88,34.28,35.62,4.5,Yes,483
Home & Kitchen,69,128,31.21,142.13,151.38,3.9,No,174
Home & Kitchen,341,171,46.44,186.59,191.38,3.7,No,219
Grocery,329,473,123.42,5.97,6.17,3.7,No,489
Fashion,29,306,74.07,118.09,129.72,5.0,No,356
Sports & Outdoors,261,71,19.32,143.05,136.86,3.6,Yes,191
Fashion,149,248,62.88,62.12,67.91,4.4,No,287
Electronics,182,63,14.21,192.61,208.55,3.5,No,126
Beauty & Personal Care,378,60,19.51,27.01,24.34,3.7,No,102
Electronics,218,228,57.79,394.2,402.69,3.0,No,263
Fashion,241,75,16.4,92.42,87.16,4.3,No,145
Electronics,553,345,86.36,431.16,427.28,5.0,No,402
Sports & Outdoors,453,127,28.87,183.43,190.99,4.3,No,171
Fashion,383,415,108.56,113.78,105.91,3.9,Yes,544
Fashion,199,120,27.66,96.56,89.24,4.1,Yes,224
Electronics,207,481,118.07,602.53,563.34,3.9,No,509
Electronics,480,476,124.58,175.93,186.85,3.2,No,528
Electronics,570,137,36.03,169.3,175.72,4.6,Yes,255
Sports & Outdoors,94,268,63.32,172.36,188.58,3.5,Yes,360
Electronics,236,35,6.07,470.08,487.75,3.6,Yes,168
Beauty & Personal Care,590,82,16.36,41.78,40.67,2.6,Yes,197
Fashion,421,143,39.43,77.11,72.38,3.8,No,197
Home & Kitchen,180,203,51.07,95.63,100.48,4.0,No,262
Home & Kitchen,271,291,78.05,168.38,158.11,3.8,No,349
Electronics,146,43,6.58,419.95,418.22,3.6,No,89
Sports & Outdoors,84,410,105.22,167.94,171.77,4.6,Yes,532
Electronics,391,126,31.29,850.79,767.88,2.1,No,114
Beauty & Personal Care,316,494,124.13,25.97,27.93,4.2,Yes,621
Beauty & Personal Care,125,277,72.58,76.59,75.13,3.9,No,329
Fashion,507,399,96.56,71.02,68.56,4.4,No,449
Fashion,119,101,18.91,89.15,93.58,3.8,No,159
Fashion,25,348,90.81,121.57,127.0,4.4,No,401
Grocery,472,103,25.75,21.25,22.11,2.8,No,145
Electronics,533,487,122.89,1068.64,1126.73,5.0,No,563
Home & Kitchen,268,103,27.86,143.75,156.56,3.5,No,136
Electronics,41,495,124.38,719.7,681.27,4.8,Yes,608
Electronics,346,45,14.18,1115.86,1016.58,3.9,No,79
Sports & Outdoors,282,82,23.12,151.49,157.99,4.1,No,148
Electronics,127,23,6.03,858.89,844.71,3.2,No,49
Electronics,510,453,119.59,200.23,214.25,3.6,No,517
Beauty & Personal Care,235,197,46.26,49.78,53.8,4.3,No,257
Sports & Outdoors,148,439,106.24,64.63,62.22,2.9,No,458
Home & Kitchen,218,159,41.47,27.53,28.79,3.2,No,211
Electronics,71,224,56.92,1096.24,1151.2,5.0,No,308
Beauty & Personal Care,233,156,41.84,78.15,71.06,4.0,No,214
Sports & Outdoors,469,114,25.83,128.63,133.4,4.0,No,178
Home & Kitchen,515,274,69.48,39.72,42.5,3.5,No,318
Electronics,81,276,73.6,441.3,453.9,4.4,No,345
Beauty & Personal Care,161,61,15.47,45.27,45.98,4.6,No,112
Grocery,335,81,17.51,13.95,14.27,3.3,No,122
Grocery,296,330,85.1,3.2,3.44,3.6,No,362
Grocery,594,129,32.92,21.35,23.05,4.5,Yes,248
Grocery,227,101,23.92,2.23,2.25,3.8,No,147
Home & Kitchen,310,316,77.08,94.98,86.86,3.8,No,366
Home & Kitchen,439,33,10.49,20.41,20.09,4.0,No,110
Home & Kitchen,575,345,93.87,10.15,10.78,4.1,No,392
Grocery,183,42,6.97,17.34,16.07,4.1,No,123
Electronics,259,386,93.92,928.72,892.06,3.2,No,410
Home & Kitchen,596,308,79.47,59.79,64.35,3.3,No,341
Grocery,307,202,51.13,21.87,23.98,4.9,No,269
Sports & Outdoors,471,452,109.99,91.24,88.21,4.5,Yes,586
Beauty & Personal Care,523,155,40.86,75.15,77.14,4.5,No,200
Sports & Outdoors,448,165,43.02,20.73,21.07,3.7,No,216
Grocery,485,322,82.05,6.28,5.84,4.2,Yes,454
Beauty & Personal Care,22,439,106.1,35.45,38.93,4.7,No,490
Beauty & Personal Care,587,73,15.5,26.25,28.56,4.0,No,136
Fashion,29,68,20.41,142.45,137.78,3.8,No,109
Home & Kitchen,254,180,44.25,110.36,113.93,3.8,No,244
Beauty & Personal Care,395,177,45.43,68.66,64.93,3.3,No,203
Home & Kitchen,495,310,79.74,107.34,99.51,2.6,No,355
Grocery,461,392,92.36,10.3,9.65,4.9,No,447
Sports & Outdoors,399,235,61.67,168.64,164.83,3.6,Yes,352
Fashion,150,31,16.15,81.71,85.5,4.3,No,89
Electronics,537,425,101.33,991.72,980.12,4.7,No,471
Home & Kitchen,247,177,39.97,61.13,64.84,4.2,Yes,286
Home & Kitchen,565,317,76.18,163.08,168.6,3.6,No,379
Electronics,355,427,102.77,825.76,761.03,2.1,No,409
Sports & Outdoors,131,370,93.99,195.77,199.56,3.0,Yes,466
Beauty & Personal Care,444,43,11.0,54.64,51.47,3.5,Yes,164
Sports & Outdoors,259,472,115.03,234.0,223.65,3.5,No,504
Fashion,427,109,26.41,20.21,21.74,4.1,No,192
Beauty & Personal Care,119,69,14.95,27.79,25.19,4.5,No,125
Beauty & Personal Care,442,172,42.28,37.58,33.96,4.4,No,220
Grocery,442,425,104.4,6.66,6.58,4.4,No,482
Beauty & Personal Care,486,109,23.68,27.73,26.7,4.4,Yes,218
Electronics,280,226,58.69,922.21,885.97,3.8,Yes,321
Beauty & Personal Care,240,16,3.79,68.44,67.73,3.9,No,83
Fashion,152,404,103.15,98.39,97.53,3.9,No,462
Fashion,75,43,15.67,43.83,39.54,3.7,No,90
Fashion,526,257,67.62,48.16,44.4,3.8,No,306
Grocery,549,26,6.31,23.64,25.47,3.4,Yes,147
Grocery,16,207,50.02,21.95,20.36,3.8,No,251
Beauty & Personal Care,328,106,21.54,24.88,24.78,3.2,No,143
Electronics,323,30,6.47,621.58,630.36,2.5,No,49
Electronics,511,484,126.04,709.52,770.68,4.2,No,555
Home & Kitchen,266,471,116.37,139.78,144.27,3.8,No,526
Fashion,336,345,88.02,70.25,73.74,3.7,Yes,455
Home & Kitchen,530,170,42.12,124.83,117.3,5.0,No,232
Fashion,413,30,1.3,114.94,110.64,3.8,No,75
Sports & Outdoors,490,443,110.41,76.64,81.83,3.9,No,482
Beauty & Personal Care,415,460,119.45,12.57,12.31,3.2,No,489
Fashion,93,75,17.66,102.06,99.49,4.2,No,127
Grocery,103,321,77.12,22.55,20.77,4.3,No,360
Grocery,179,380,99.5,19.91,21.75,3.7,No,415
Sports & Outdoors,12,117,33.85,61.74,58.53,4.7,No,178
Electronics,257,189,46.37,157.13,146.22,3.4,No,221
Beauty & Personal Care,420,136,35.23,16.66,15.76,3.4,No,173
Sports & Outdoors,452,393,98.62,110.74,120.42,5.0,No,444
Electronics,417,333,86.44,1001.37,1097.7,3.8,No,394
Home & Kitchen,550,296,76.98,116.94,112.58,4.6,No,343
Beauty & Personal Care,394,49,9.24,49.88,54.62,3.6,No,73
Sports & Outdoors,597,366,92.42,143.79,149.62,4.3,Yes,505
Fashion,297,128,35.74,76.19,79.0,4.5,No,202
Home & Kitchen,524,485,121.78,185.08,202.79,4.6,No,542
Beauty & Personal Care,590,70,7.1,72.91,66.13,3.7,No,93
Electronics,334,341,89.52,215.86,229.48,3.1,No,385
Grocery,23,198,43.93,2.12,2.05,2.9,No,239
Grocery,566,139,29.53,11.87,10.73,3.9,No,175
Home & Kitchen,570,106,26.64,168.91,180.06,3.3,No,146
Sports & Outdoors,383,61,17.71,44.3,45.06,4.4,No,131
Fashion,479,168,42.25,68.43,65.67,3.6,No,220
Beauty & Personal Care,578,108,20.9,23.19,23.99,4.3,No,182
Sports & Outdoors,463,468,113.91,148.08,145.07,3.8,No,518
Fashion,402,121,25.41,37.09,34.31,4.3,Yes,247
Grocery,185,130,32.98,6.14,5.92,4.7,No,219
Electronics,402,206,44.58,1035.47,1006.84,4.6,No,263
Sports & Outdoors,162,449,111.6,108.27,113.54,3.1,No,470
Grocery,96,437,106.37,11.45,11.48,4.2,No,470
Sports & Outdoors,284,186,43.34,125.54,137.0,4.6,No,256
Sports & Outdoors,561,182,48.39,120.73,129.38,3.9,No,245
Beauty & Personal Care,496,488,125.13,69.26,68.21,3.6,Yes,588
Grocery,135,314,72.11,9.73,9.64,4.2,No,377
Beauty & Personal Care,55,482,118.03,8.83,8.18,3.4,No,515
Home & Kitchen,561,220,49.77,46.45,44.91,4.5,Yes,357
Electronics,453,362,86.77,873.56,884.93,3.7,No,414
Electronics,92,397,102.5,917.22,993.9,4.1,Yes,553
Electronics,249,158,40.19,1096.56,1046.2,3.8,No,183
Grocery,236,189,42.48,8.43,7.61,3.4,No,216
Grocery,81,107,27.52,19.88,18.51,5.0,No,172
Home & Kitchen,386,27,3.94,16.76,15.54,4.0,No,80
Grocery,468,271,64.0,8.93,8.8,4.0,No,326
Beauty & Personal Care,564,351,88.29,21.36,22.01,4.6,No,421
Beauty & Personal Care,123,71,12.58,33.67,31.4,3.8,No,114
Fashion,559,22,2.01,74.96,79.18,4.7,No,103
Electronics,80,307,70.86,293.06,315.78,4.2,No,374
Sports & Outdoors,400,300,76.59,216.94,221.05,4.6,No,354
Beauty & Personal Care,238,442,108.79,20.03,22.0,3.8,No,500
Beauty & Personal Care,264,119,31.2,20.28,21.89,4.5,No,185
Beauty & Personal Care,518,147,31.62,36.31,35.49,3.6,No,178
Home & Kitchen,483,467,113.17,65.85,62.11,3.6,Yes,560
Electronics,416,415,106.96,950.94,953.43,3.8,No,462
Beauty & Personal Care,499,457,114.22,8.62,9.36,3.8,No,492
Fashion,403,195,50.91,35.88,35.53,4.2,No,250
Fashion,466,162,38.01,64.9,62.68,5.0,No,203
Sports & Outdoors,224,154,38.72,166.35,153.12,5.0,No,229
Home & Kitchen,115,74,18.53,124.85,119.28,3.6,No,129
Fashion,398,292,73.31,147.09,156.21,4.6,No,365
Fashion,124,265,66.29,66.12,65.04,5.0,No,350
Beauty & Personal Care,48,318,80.28,23.39,21.97,3.6,No,339
Beauty & Personal Care,247,146,40.06,46.68,43.91,2.5,Yes,232
Sports & Outdoors,315,24,5.72,29.95,28.28,3.9,No,67
Home & Kitchen,32,351,86.48,111.41,103.47,4.2,No,383
Grocery,357,274,64.46,15.75,15.82,4.6,Yes,427
Grocery,106,469,118.56,15.35,15.26,4.4,No,522
Electronics,428,495,123.85,931.25,931.85,2.7,Yes,592
Fashion,290,264,72.8,127.45,133.64,4.7,No,344
Home & Kitchen,17,186,44.5,50.8,49.34,5.0,No,253
Home & Kitchen,539,342,84.25,63.52,63.27,3.2,No,375
Sports & Outdoors,329,268,69.32,22.23,22.75,3.3,No,295
Sports & Outdoors,413,479,121.1,55.79,60.9,3.6,No,527
Sports & Outdoors,239,318,77.89,204.41,194.32,4.1,No,369
Beauty & Personal Care,528,99,26.54,36.7,34.28,3.3,No,133
Sports & Outdoors,226,323,78.45,80.46,84.83,3.7,No,361
Beauty & Personal Care,190,43,13.17,48.78,48.5,5.0,Yes,184
Beauty & Personal Care,517,30,6.01,37.06,34.37,5.0,No,102
Home & Kitchen,18,246,59.69,74.41,69.16,5.0,No,310
Beauty & Personal Care,424,439,108.46,68.89,66.77,3.0,No,463
Beauty & Personal Care,202,38,3.74,79.48,73.55,4.6,No,78
Electronics,107,323,77.76,906.44,908.53,2.7,No,338
Sports & Outdoors,406,259,61.68,26.55,26.94,3.6,No,307
Beauty & Personal Care,17,33,8.99,54.99,50.17,3.9,No,73
Beauty & Personal Care,50,33,8.1,51.77,47.68,2.8,No,66
Sports & Outdoors,515,60,17.34,62.19,61.59,4.3,No,125
Beauty & Personal Care,101,345,83.74,48.33,44.98,4.2,No,386
Sports & Outdoors,324,349,89.01,185.34,192.68,4.6,No,418
Home & Kitchen,438,245,59.67,123.73,123.8,2.5,Yes,346
Grocery,262,62,19.88,16.27,16.44,4.8,No,129
Beauty & Personal Care,91,494,124.19,51.48,53.9,4.2,No,554
Sports & Outdoors,579,148,35.78,40.45,39.81,4.6,No,202
Home & Kitchen,487,54,12.38,21.95,22.77,4.8,No,111
Sports & Outdoors,510,36,7.18,65.55,69.82,4.5,No,79
Beauty & Personal Care,452,357,90.92,8.38,8.49,3.0,No,378
Fashion,129,357,87.41,101.18,104.31,4.3,No,410
Sports & Outdoors,536,164,45.19,30.69,28.34,2.8,Yes,280
Electronics,380,114,32.59,541.15,515.44,4.6,No,179
Home & Kitchen,580,394,104.68,143.37,153.0,4.0,No,473
Beauty & Personal Care,401,146,30.88,45.07,42.05,3.7,No,181
Fashion,509,93,23.5,48.86,50.71,4.0,No,161
Home & Kitchen,389,471,125.88,64.47,62.75,3.9,Yes,588
Grocery,91,20,4.62,20.6,18.7,3.0,No,71
Home & Kitchen,30,98,28.67,79.94,73.95,3.9,Yes,226
Beauty & Personal Care,268,34,3.82,45.48,44.5,5.0,No,106
Beauty & Personal Care,480,292,67.56,55.79,55.68,2.7,No,318
Fashion,411,318,81.37,88.86,80.7,4.4,No,349
Sports & Outdoors,506,60,16.23,107.29,107.38,4.3,No,114
Electronics,294,461,115.27,1080.92,1135.33,4.3,No,500
Home & Kitchen,393,165,44.32,160.99,168.97,4.5,No,242
Home & Kitchen,61,366,92.57,17.86,17.43,4.6,Yes,495
Grocery,518,398,98.99,15.05,15.93,4.3,No,445
Home & Kitchen,571,261,56.81,143.83,152.54,4.6,No,339
Home & Kitchen,209,317,79.0,134.91,145.57,4.6,No,385
Fashion,178,262,70.36,141.78,134.69,5.0,No,331
Home & Kitchen,206,111,27.39,160.73,156.23,4.9,No,196
Grocery,166,109,27.51,13.44,12.27,4.2,Yes,241
Fashion,128,290,68.65,32.03,34.8,3.9,No,345
Fashion,488,476,118.42,118.84,115.72,3.7,No,517
Sports & Outdoors,519,403,104.86,143.32,145.91,5.0,No,445
Sports & Outdoors,93,168,37.59,173.89,180.92,4.6,Yes,308
Home & Kitchen,322,242,64.07,101.39,95.43,4.0,No,294
Electronics,505,88,22.65,1142.91,1129.87,3.5,No,160
Sports & Outdoors,401,384,97.31,103.21,97.88,4.0,No,409
Grocery,15,353,90.9,7.3,7.72,4.3,No,433
Sports & Outdoors,180,270,71.81,126.85,117.27,3.4,No,315
Home & Kitchen,409,169,39.12,141.09,136.43,4.7,No,239
Sports & Outdoors,283,160,35.98,78.12,78.66,3.7,No,195
Sports & Outdoors,467,129,29.07,192.99,187.47,4.5,No,175
Electronics,588,142,36.49,1155.18,1113.17,4.9,No,216
Sports & Outdoors,353,371,93.59,205.47,225.05,3.0,No,423
Home & Kitchen,8,52,14.31,187.61,200.4,4.2,No,111
Home & Kitchen,445,128,35.65,107.28,108.33,5.0,No,215
Beauty & Personal Care,105,340,84.19,43.64,46.66,3.6,No,389
Fashion,517,410,100.52,133.89,131.14,3.3,No,428
Electronics,543,312,75.25,995.27,969.37,4.0,No,355
Fashion,307,19,1.0,72.88,68.25,3.5,No,49
Electronics,74,57,10.87,537.51,561.39,4.0,Yes,183
Home & Kitchen,372,70,11.77,112.89,120.64,4.2,No,136
Grocery,29,232,59.9,8.45,8.8,3.5,No,261
Home & Kitchen,555,74,17.46,105.98,106.64,4.3,No,139
Fashion,53,381,103.79,103.28,112.01,3.7,Yes,514
Home & Kitchen,252,21,9.74,183.37,174.79,5.0,No,70
Sports & Outdoors,85,373,90.56,20.3,21.06,1.8,No,383
Home & Kitchen,545,323,79.05,123.36,113.17,3.7,Yes,432
Beauty & Personal Care,486,283,66.21,45.99,46.15,4.3,No,311
Sports & Outdoors,448,39,14.26,197.64,189.16,3.7,No,105
Grocery,116,71,19.28,17.87,16.67,2.8,Yes,172
Home & Kitchen,172,27,2.71,18.47,20.21,3.2,No,82
Sports & Outdoors,597,164,35.07,32.05,33.16,3.3,No,194
Home & Kitchen,241,338,90.44,96.95,92.27,4.6,No,409
Sports & Outdoors,267,499,126.86,63.64,68.96,4.1,No,544
Beauty & Personal Care,347,392,99.87,16.08,15.41,4.8,No,456
Electronics,457,252,63.07,195.57,189.64,2.3,Yes,329
Grocery,523,309,78.43,12.42,12.71,3.9,No,362
Sports & Outdoors,86,448,112.28,29.49,32.19,3.6,Yes,570
Grocery,432,98,28.94,12.53,13.08,2.2,No,139
Grocery,62,67,15.05,24.5,22.89,2.4,No,95
Grocery,583,89,24.02,11.33,11.2,4.8,Yes,233
Beauty & Personal Care,393,481,118.21,64.63,60.23,3.2,Yes,587
Electronics,438,465,116.13,504.84,485.65,3.0,No,498
Beauty & Personal Care,478,328,83.03,35.3,34.17,5.0,No,390
Fashion,150,399,103.43,28.82,26.29,3.8,No,438
Electronics,506,300,76.09,301.74,279.65,2.7,No,323
Home & Kitchen,241,292,70.7,155.76,160.74,2.9,No,322
Sports & Outdoors,294,300,68.54,71.85,70.39,3.9,Yes,384
Fashion,379,402,100.04,81.62,76.81,4.5,No,465
Grocery,435,41,11.44,18.47,17.33,4.0,No,107
Beauty & Personal Care,68,401,100.07,48.51,51.45,2.9,No,428
Beauty & Personal Care,430,336,84.92,28.61,26.89,3.4,No,371
Electronics,373,310,77.35,487.75,451.87,5.0,No,345
Beauty & Personal Care,121,277,70.28,44.81,48.88,2.5,No,305
Beauty & Personal Care,237,266,68.55,74.06,80.44,3.4,No,293
Sports & Outdoors,458,220,54.63,151.05,147.81,3.5,No,251
Fashion,341,484,125.63,68.75,69.85,2.5,No,513
Home & Kitchen,389,412,103.66,95.61,91.51,4.8,No,443
Fashion,499,348,83.46,72.63,73.39,4.4,No,388
Electronics,50,405,103.35,990.06,959.59,3.3,Yes,487
Sports & Outdoors,311,151,37.75,167.2,164.58,3.9,Yes,257
Home & Kitchen,382,341,86.85,156.32,155.14,3.3,No,388
Fashion,279,276,63.12,32.67,32.39,4.4,No,319
Fashion,221,94,26.59,16.26,14.74,2.9,No,140
Sports & Outdoors,231,348,89.99,87.1,79.02,3.8,Yes,469
Fashion,13,58,15.3,48.41,44.34,3.9,Yes,189
Electronics,359,154,38.9,839.92,878.94,4.7,Yes,296
Fashion,300,127,28.7,71.89,76.11,3.5,No,161
Beauty & Personal Care,277,442,109.88,10.97,10.82,4.8,Yes,584
Electronics,320,151,39.16,190.02,189.57,4.9,No,219
Grocery,206,178,46.35,7.07,7.46,3.9,No,236
Grocery,110,149,34.25,20.96,19.92,4.0,No,202
Electronics,250,81,21.64,676.8,646.3,4.8,No,146
Grocery,60,171,42.39,14.11,14.88,4.9,No,245
Beauty & Personal Care,324,120,27.12,73.98,67.32,4.2,No,165
Grocery,75,93,21.34,11.06,11.83,4.1,No,147
Home & Kitchen,509,85,24.0,169.32,184.54,3.9,No,159
Electronics,337,276,70.82,155.28,153.04,4.6,Yes,416
Fashion,463,32,5.71,111.15,112.92,3.5,No,70
Electronics,596,358,83.19,744.04,724.02,4.9,No,387
Beauty & Personal Care,544,410,100.01,14.07,14.95,4.6,Yes,543
Electronics,36,91,21.12,647.25,635.76,5.0,No,166
Sports & Outdoors,253,386,95.48,54.6,49.47,4.3,Yes,500
Fashion,257,496,126.24,56.13,56.62,3.7,Yes,592
Home & Kitchen,475,368,93.97,199.91,213.31,3.7,Yes,484
Fashion,284,44,8.83,126.24,130.71,4.0,Yes,154
Beauty & Personal Care,51,82,23.4,27.43,27.49,4.3,No,109
Fashion,301,354,87.7,57.99,60.58,4.9,No,420
Electronics,321,425,101.92,658.48,665.06,5.0,No,479
Sports & Outdoors,203,339,87.1,210.43,228.63,2.6,No,376
Beauty & Personal Care,151,484,116.91,76.44,78.49,4.7,No,515
Sports & Outdoors,423,190,47.16,173.72,167.59,2.8,Yes,288
Beauty & Personal Care,552,468,110.97,16.97,18.18,3.0,No,488
Fashion,87,51,13.3,141.01,135.85,4.1,No,115
Grocery,250,36,11.35,18.63,20.22,3.9,Yes,137
Sports & Outdoors,332,259,63.93,56.61,51.27,3.6,No,287
Home & Kitchen,224,233,61.15,48.43,46.2,4.2,No,288
Grocery,325,121,33.43,21.87,21.95,3.4,No,172
Grocery,81,201,45.8,4.24,4.13,3.9,No,244
Home & Kitchen,314,193,47.68,109.74,109.24,4.5,No,227
Electronics,472,160,40.86,189.63,192.79,3.5,No,202
Beauty & Personal Care,18,34,11.43,75.42,80.06,3.9,No,82
Home & Kitchen,28,176,42.89,94.01,85.68,3.9,No,226
Sports & Outdoors,300,196,53.51,112.94,118.75,4.4,No,246
Home & Kitchen,488,471,113.77,195.93,214.17,2.8,No,495
Electronics,346,224,56.24,1180.49,1142.18,4.1,No,267
Grocery,82,81,14.13,16.38,16.26,2.7,Yes,187
Fashion,518,309,80.8,138.65,151.35,4.5,Yes,448
Grocery,188,397,98.37,21.74,20.2,3.3,No,455
Electronics,444,389,95.58,165.19,152.61,3.9,No,425
Beauty & Personal Care,543,452,111.77,73.88,79.31,3.5,No,488
Electronics,76,322,83.17,402.24,384.56,3.7,Yes,411
Sports & Outdoors,599,414,104.3,117.03,108.4,4.8,No,466
Sports & Outdoors,29,393,98.39,110.08,108.88,3.8,No,422
Electronics,43,475,118.93,404.54,379.0,5.0,No,510
Fashion,99,378,95.88,59.97,55.74,3.7,Yes,474
Beauty & Personal Care,505,382,94.54,45.44,47.08,3.8,No,415
Beauty & Personal Care,366,169,40.36,45.53,42.54,3.4,No,216
Grocery,76,350,87.26,5.43,4.92,4.1,No,399
Fashion,595,236,59.32,99.04,95.38,4.0,No,299
Beauty & Personal Care,112,187,49.53,70.49,72.34,5.0,No,252
Home & Kitchen,432,194,52.52,133.06,131.78,2.7,No,222
Electronics,266,295,77.16,438.3,442.34,3.8,No,328
Electronics,249,173,44.38,254.19,271.43,3.5,No,212
Sports & Outdoors,49,292,75.19,58.3,54.95,3.3,No,319
Electronics,446,153,31.06,475.65,471.02,3.4,No,216
Fashion,413,419,103.64,63.66,62.77,2.7,No,430
Beauty & Personal Care,271,431,107.23,15.1,15.46,3.2,Yes,544
Home & Kitchen,275,464,116.99,165.97,175.35,3.1,No,502
Grocery,311,294,70.99,3.32,3.46,2.9,Yes,398
Fashion,112,410,101.96,55.17,59.72,3.6,No,437
Beauty & Personal Care,362,269,66.15,65.64,62.41,4.9,No,321
Fashion,412,207,49.55,46.42,46.34,4.2,No,267
Sports & Outdoors,573,400,97.85,109.57,114.82,4.6,No,461
Fashion,59,30,8.34,80.89,87.8,2.7,No,106
Home & Kitchen,426,393,97.72,70.3,72.02,5.0,No,464
Grocery,298,245,62.18,19.77,19.31,3.5,No,265
Home & Kitchen,563,419,107.02,105.61,104.87,3.7,No,456
Home & Kitchen,537,168,42.45,161.14,146.63,4.2,No,228
Grocery,590,382,95.82,16.69,16.84,4.6,Yes,495
Electronics,470,52,8.0,442.65,412.45,3.6,No,76
Electronics,561,189,49.08,226.04,216.78,4.0,Yes,302
Home & Kitchen,42,105,26.97,111.9,106.86,5.0,No,169
Beauty & Personal Care,166,201,49.48,13.97,14.37,4.1,No,268
Grocery,477,437,111.81,11.67,10.84,2.8,Yes,552
Sports & Outdoors,498,439,105.06,221.93,214.26,4.4,No,474
Electronics,535,151,33.7,595.86,591.21,5.0,No,214
Fashion,511,476,122.37,123.8,114.69,4.1,No,518
Grocery,73,297,76.13,24.03,25.16,3.3,No,348
Sports & Outdoors,361,383,96.26,90.63,86.03,4.3,Yes,490
Fashion,573,270,70.76,115.87,115.0,4.8,No,339
Electronics,542,421,107.11,821.54,750.43,4.1,No,447
Electronics,31,79,17.15,488.41,494.06,3.6,No,133
Sports & Outdoors,34,210,46.68,194.6,197.81,2.8,Yes,312
Home & Kitchen,207,35,6.98,72.82,66.85,3.3,Yes,179
Home & Kitchen,343,127,32.61,87.8,95.76,4.0,No,181
Home & Kitchen,227,417,100.68,119.39,121.38,3.9,Yes,549
Fashion,548,162,40.6,149.63,150.37,4.4,No,232
Sports & Outdoors,56,112,29.16,98.25,106.23,3.7,No,180
Beauty & Personal Care,266,307,75.17,72.49,76.88,3.7,Yes,446
Fashion,574,455,117.84,81.9,74.0,3.2,No,482
Home & Kitchen,47,342,83.81,135.65,146.81,3.5,No,396
Sports & Outdoors,96,446,112.55,171.56,184.97,4.0,No,496
Home & Kitchen,212,199,49.2,77.95,74.69,3.8,No,245
Electronics,105,356,88.06,701.46,660.54,5.0,No,414
Beauty & Personal Care,51,272,69.19,39.96,42.0,3.8,No,317
Electronics,171,214,49.9,419.11,421.5,4.6,No,257
Grocery,238,88,22.7,10.49,11.4,4.7,No,164
Sports & Outdoors,587,360,87.22,182.98,191.41,5.0,No,423
Fashion,85,262,65.07,77.34,73.57,3.4,No,307
Home & Kitchen,346,314,79.47,45.76,43.79,4.3,No,366
Electronics,351,479,119.03,387.4,414.26,3.3,No,526
Beauty & Personal Care,182,326,80.98,77.69,77.35,3.3,Yes,450
Grocery,492,271,67.22,10.17,10.85,3.8,No,302
Electronics,86,244,64.35,293.06,316.38,3.4,No,283
Sports & Outdoors,556,264,66.16,223.64,232.31,2.8,No,305
Electronics,568,158,39.56,1044.98,1098.6,2.8,No,230
Grocery,108,31,6.35,19.76,18.69,3.6,No,91
Electronics,453,163,41.38,166.13,163.69,4.7,No,249
Electronics,196,300,73.16,345.34,375.35,3.9,No,366
Electronics,354,207,49.85,273.48,298.0,5.0,Yes,350
Sports & Outdoors,68,285,74.39,201.63,189.63,3.3,No,298
Grocery,161,423,105.15,17.23,17.69,4.1,No,467
Electronics,186,75,23.16,855.25,803.28,3.3,No,117
Electronics,198,420,102.89,518.78,553.77,3.3,No,450
Home & Kitchen,487,147,33.43,58.67,55.79,2.9,No,186
Home & Kitchen,63,120,27.75,103.87,94.63,3.9,Yes,259
Beauty & Personal Care,531,55,13.92,65.36,59.4,4.3,No,126
Electronics,291,366,91.26,1062.06,1017.79,4.5,No,404
Fashion,117,203,55.08,122.13,116.77,2.9,No,241
Grocery,515,462,120.29,11.16,11.07,4.1,No,503
Electronics,526,224,49.23,219.13,224.48,4.2,No,263
Beauty & Personal Care,298,58,16.99,37.17,40.6,3.8,No,104
Home & Kitchen,510,486,125.9,132.52,125.48,4.3,No,530
Home & Kitchen,184,47,14.89,67.52,67.45,4.3,No,122
Home & Kitchen,443,274,64.24,100.02,98.31,5.0,No,335
Fashion,532,129,31.75,25.36,23.36,5.0,No,193
Fashion,231,172,35.27,29.41,31.9,3.5,No,196
Grocery,374,142,33.87,11.68,10.96,5.0,No,220
Grocery,228,191,49.9,24.57,23.83,3.7,No,259
Sports & Outdoors,578,432,105.69,215.44,207.47,2.6,No,487
Sports & Outdoors,424,494,124.29,48.02,46.96,3.6,No,528
Sports & Outdoors,577,393,103.19,188.11,186.53,5.0,No,465
Fashion,12,492,124.8,32.65,33.12,4.1,No,538
Electronics,215,277,72.83,527.42,572.43,3.2,No,346
Electronics,91,106,27.67,383.47,386.9,5.0,Yes,250
Electronics,563,121,32.58,688.32,712.51,4.3,No,192
Fashion,202,229,48.48,91.47,85.06,3.1,No,255
Electronics,170,309,82.88,166.46,163.73,4.4,No,350
Grocery,325,184,47.42,18.24,17.76,4.1,No,231
Electronics,9,32,9.49,936.92,944.29,3.1,No,105
Fashion,531,294,72.62,51.72,54.0,3.6,Yes,409
Grocery,408,127,25.45,7.79,8.43,3.6,No,167
Fashion,211,434,113.43,44.29,40.4,4.1,Yes,571
Sports & Outdoors,257,50,8.05,125.51,132.27,4.1,No,101
Sports & Outdoors,579,316,79.56,240.13,244.38,2.9,Yes,419
Sports & Outdoors,340,497,123.02,39.46,41.74,2.6,No,524
Grocery,113,408,98.32,20.67,20.27,3.7,No,465
Home & Kitchen,80,321,79.07,132.79,120.43,4.1,No,374
Fashion,10,92,24.25,53.9,52.0,4.3,No,139
Fashion,34,493,116.88,104.19,101.37,3.6,Yes,598
Sports & Outdoors,153,435,105.67,52.59,47.48,4.1,No,483
Fashion,114,289,70.13,127.33,122.49,4.8,No,359
Home & Kitchen,116,465,114.0,111.45,101.68,4.7,No,499
Electronics,271,358,94.98,371.07,359.1,5.0,No,435
Sports & Outdoors,250,158,38.69,185.09,200.1,4.0,No,197
Grocery,308,381,92.13,14.08,15.26,4.7,No,445
Home & Kitchen,28,435,105.21,118.12,123.78,4.2,No,500
Sports & Outdoors,532,352,83.31,226.89,245.74,3.4,Yes,473
Sports & Outdoors,182,451,115.06,84.06,76.61,3.5,Yes,538
Electronics,204,203,44.74,571.52,601.79,3.8,No,267
Grocery,305,116,27.72,20.21,20.65,2.7,Yes,220
Grocery,215,228,52.9,12.37,11.82,4.2,Yes,343
Home & Kitchen,309,489,120.07,192.92,187.06,3.1,No,518
Electronics,40,430,110.18,1020.65,1000.2,2.5,No,455
Home & Kitchen,148,169,45.55,177.49,178.66,2.9,No,197
Grocery,118,59,15.23,11.75,10.68,4.5,Yes,181
Grocery,569,316,78.33,23.76,23.01,4.1,No,371
Grocery,69,352,82.34,2.49,2.25,3.1,No,380
Fashion,195,146,39.08,53.12,50.95,4.8,No,228
Beauty & Personal Care,57,30,7.13,12.22,11.35,4.3,No,98
Grocery,38,95,25.28,1.81,1.88,4.2,Yes,211
Electronics,149,92,24.15,221.76,236.24,4.5,No,146
Home & Kitchen,364,192,44.36,122.16,128.1,3.8,No,261
Grocery,430,226,56.75,13.1,12.09,4.7,No,283
Electronics,107,274,70.5,989.23,916.7,2.8,Yes,356
Fashion,245,96,28.48,17.36,16.29,4.0,No,143
Fashion,289,150,36.58,138.87,137.48,4.9,No,222
Fashion,291,272,69.21,57.31,55.94,3.0,No,295
Fashion,219,417,99.6,148.73,147.1,4.6,No,475
Home & Kitchen,147,395,101.97,113.64,105.62,4.6,No,448
Beauty & Personal Care,234,200,51.03,44.43,43.53,3.0,Yes,287
Electronics,575,377,92.05,774.28,741.89,4.5,No,406
Home & Kitchen,233,276,67.69,29.04,30.05,4.7,Yes,381
Electronics,436,229,55.5,287.14,313.73,4.5,No,299
Home & Kitchen,156,388,94.93,113.55,107.28,4.6,No,430
Grocery,236,93,28.28,21.75,20.33,3.7,No,147
Sports & Outdoors,171,82,16.69,125.41,126.94,3.5,Yes,199
Electronics,436,170,40.41,855.69,775.62,4.2,No,181
Grocery,17,130,37.75,5.79,5.92,3.5,No,185
Home & Kitchen,226,29,10.74,115.95,117.73,3.7,No,70
Beauty & Personal Care,142,354,90.63,29.14,28.65,3.9,No,405
Grocery,36,175,43.48,4.12,4.09,4.0,No,202
Fashion,198,188,46.95,82.88,84.89,4.4,Yes,312
Home & Kitchen,232,124,34.07,129.26,126.05,4.2,No,172
Beauty & Personal Care,536,30,12.1,15.96,17.04,4.2,No,96
Beauty & Personal Care,59,238,58.4,24.15,23.44,4.4,No,317
Fashion,212,295,74.31,79.97,79.18,3.7,No,342
Electronics,76,59,17.97,637.03,670.29,2.8,No,115
Beauty & Personal Care,46,199,47.31,14.09,12.81,3.7,Yes,313
Beauty & Personal Care,417,188,46.47,27.88,27.57,3.7,No,229
Fashion,355,460,117.99,29.71,28.23,4.3,No,512
Home & Kitchen,275,156,44.13,18.47,19.52,3.7,No,233
Electronics,20,83,21.57,690.73,639.72,4.1,No,114
Grocery,153,176,41.64,18.03,19.44,4.3,Yes,302
Grocery,427,404,101.69,20.28,19.72,4.1,No,450
Fashion,562,494,123.3,33.85,34.2,3.7,Yes,602
Beauty & Personal Care,468,152,37.73,32.69,32.16,5.0,No,225
Electronics,36,204,52.04,550.16,562.67,3.7,No,285
Sports & Outdoors,424,310,82.49,78.35,72.08,3.6,No,341
Electronics,377,344,88.94,550.33,550.43,3.5,Yes,456
Electronics,384,413,105.42,1086.4,1176.31,2.3,No,484
Home & Kitchen,149,223,50.09,140.74,127.26,3.3,No,248
Fashion,422,496,121.9,98.28,98.95,3.2,No,527
Home & Kitchen,240,35,3.94,190.04,188.67,3.9,No,82
Fashion,33,327,80.12,131.74,141.89,3.3,Yes,447
Grocery,403,297,74.05,3.61,3.34,3.2,No,334
Sports & Outdoors,160,112,32.1,31.4,29.87,2.7,Yes,210
Electronics,510,219,59.78,572.89,524.3,3.2,No,254
Beauty & Personal Care,291,490,130.81,49.0,48.12,3.7,Yes,587
Grocery,337,176,45.29,13.17,12.93,4.3,No,236
Fashion,261,130,36.54,54.5,52.56,4.5,No,197
Home & Kitchen,314,315,80.58,91.57,96.23,4.4,No,374
Sports & Outdoors,596,80,25.82,41.27,41.81,4.0,No,155
Grocery,414,413,106.22,23.96,24.03,3.7,Yes,531
Sports & Outdoors,233,378,92.39,244.19,254.17,3.2,No,396
Home & Kitchen,110,343,91.34,165.46,149.1,4.7,No,398
Fashion,545,488,118.93,105.07,113.39,3.2,No,516
Fashion,479,219,53.53,91.91,86.79,3.3,No,269
Home & Kitchen,538,126,33.22,65.19,63.1,4.3,No,183
Fashion,50,120,28.28,149.88,160.04,4.3,No,184
Fashion,88,411,105.54,105.54,115.71,4.1,Yes,541
Beauty & Personal Care,322,392,91.39,72.97,77.21,4.9,No,422
Electronics,264,203,52.36,653.45,664.51,4.5,No,275
Beauty & Personal Care,283,44,13.64,59.58,59.04,2.2,Yes,122
Home & Kitchen,264,457,113.28,130.63,139.94,4.8,No,509
Electronics,157,354,89.49,462.77,468.36,5.0,Yes,477
Electronics,463,287,71.02,654.65,662.6,2.8,No,312
Grocery,79,449,117.49,24.9,26.05,3.7,No,492
Home & Kitchen,401,243,61.76,53.88,49.55,4.2,No,295
Fashion,329,49,11.05,115.36,122.64,3.5,No,121
Home & Kitchen,485,104,23.47,102.03,93.68,3.8,Yes,230
Home & Kitchen,308,117,26.75,42.94,39.49,3.3,Yes,222
Beauty & Personal Care,312,441,110.57,67.92,72.62,3.7,No,473
Home & Kitchen,432,361,94.4,39.99,37.09,4.5,No,420
Home & Kitchen,541,254,60.53,56.76,58.79,5.0,No,303
Home & Kitchen,76,464,117.15,95.03,102.96,2.7,Yes,561
Home & Kitchen,11,297,73.53,121.96,116.49,3.3,Yes,414
Fashion,403,27,8.22,69.79,63.25,3.4,No,74
Fashion,578,209,52.43,121.86,112.48,4.5,No,270
Grocery,353,187,43.0,5.6,5.12,4.9,No,225
Home & Kitchen,163,217,60.5,14.99,14.62,4.0,No,272
Home & Kitchen,210,81,19.8,152.96,144.05,4.3,No,121
Grocery,142,444,110.37,24.61,26.13,3.3,Yes,550
Sports & Outdoors,423,345,91.58,110.03,104.01,3.9,No,390
Fashion,439,497,126.0,72.83,70.37,4.0,No,551
Home & Kitchen,277,102,25.36,135.77,134.17,3.8,No,152
Sports & Outdoors,569,448,113.69,27.66,25.28,3.5,No,466
Sports & Outdoors,40,321,81.36,47.21,50.51,3.1,Yes,434
Fashion,595,237,56.76,18.91,17.45,3.7,No,285
Electronics,334,355,90.57,1166.64,1272.61,4.3,No,454
Grocery,470,408,104.01,9.7,9.61,4.4,No,459
Beauty & Personal Care,268,97,25.26,56.26,55.85,2.9,No,145
Electronics,398,137,32.8,187.39,198.8,4.3,No,215
Beauty & Personal Care,139,463,114.96,40.63,37.84,4.5,No,526
Sports & Outdoors,526,297,72.25,137.07,144.82,3.1,No,352
Grocery,438,284,66.77,6.93,6.71,4.6,No,341
Sports & Outdoors,392,373,92.76,157.3,156.82,3.9,Yes,488
Beauty & Personal Care,137,328,85.62,39.49,42.04,4.0,No,388
Electronics,561,148,37.38,476.75,471.95,4.3,No,189
Electronics,547,251,66.16,286.98,302.06,4.0,No,321
Sports & Outdoors,445,456,111.41,130.42,135.18,5.0,Yes,573
Sports & Outdoors,349,352,86.51,38.57,37.31,3.4,No,362
Sports & Outdoors,328,55,14.54,41.16,38.79,3.9,No,112
Electronics,199,336,84.64,1191.64,1096.98,3.8,No,341
Electronics,370,335,84.33,987.36,1006.28,5.0,No,404
Electronics,581,410,102.77,814.36,772.35,5.0,No,448
Electronics,99,24,9.86,275.21,298.55,2.8,Yes,133
Sports & Outdoors,423,175,47.41,206.65,211.52,4.0,No,238
Home & Kitchen,206,388,101.09,74.41,72.62,4.2,No,442
Fashion,457,81,20.16,147.55,153.51,1.9,No,106
Grocery,196,318,76.18,12.51,13.73,3.2,No,362
Fashion,78,21,9.71,62.41,60.09,3.2,No,76
Beauty & Personal Care,228,421,105.05,77.79,72.19,4.2,No,465
Grocery,230,142,34.67,17.96,18.52,4.3,No,187
Grocery,118,45,11.1,21.38,23.28,4.0,No,96
Home & Kitchen,46,371,93.84,22.2,20.84,4.5,No,430
Fashion,226,213,45.79,80.24,84.9,3.8,No,237
Home & Kitchen,323,141,33.95,24.79,24.78,4.1,No,189
Grocery,499,291,69.12,23.48,25.21,4.1,No,347
Home & Kitchen,436,413,97.93,103.02,102.12,4.4,No,450
Electronics,457,232,56.21,550.94,560.36,4.2,No,269
Beauty & Personal Care,86,223,56.36,46.02,45.2,3.7,No,274
Electronics,28,321,83.21,723.83,752.92,4.7,No,417
Electronics,537,24,4.87,631.71,643.54,4.5,No,74
Home & Kitchen,246,259,59.98,191.43,190.79,4.2,No,294
Home & Kitchen,371,392,95.3,107.09,99.67,3.2,No,426
Home & Kitchen,193,243,57.48,176.6,186.55,4.7,Yes,377
Home & Kitchen,286,396,103.24,26.31,27.52,4.7,No,464
Sports & Outdoors,99,15,4.22,157.27,163.73,3.1,No,76
Home & Kitchen,538,463,112.32,50.4,49.13,3.6,No,495
Fashion,30,94,23.41,18.42,18.68,3.7,No,152
Grocery,491,326,79.57,6.37,6.16,5.0,No,389
Home & Kitchen,439,126,35.2,188.03,177.68,4.6,No,166
Beauty & Personal Care,338,263,61.83,29.38,28.56,4.5,No,319
Grocery,546,265,65.56,15.4,13.9,3.9,Yes,376
Electronics,339,187,45.2,206.38,198.68,4.1,No,222
Home & Kitchen,286,98,25.46,127.18,130.38,4.4,No,162
Electronics,30,155,36.21,825.08,884.67,3.1,No,216
Sports & Outdoors,449,184,49.19,222.11,225.93,4.9,No,273
Grocery,447,170,39.83,17.17,18.54,4.3,Yes,291
Electronics,569,22,1.0,186.65,188.2,4.6,No,95
Sports & Outdoors,588,273,67.13,31.89,32.75,4.1,No,346
Grocery,52,184,43.65,16.2,16.18,3.8,No,238
Electronics,146,129,34.07,649.69,645.89,4.7,No,187
Sports & Outdoors,417,450,111.6,38.62,40.46,3.7,No,506
Beauty & Personal Care,77,422,105.76,53.39,55.9,3.5,No,450
Sports & Outdoors,88,15,1.53,82.42,79.49,4.0,No,89
Sports & Outdoors,200,472,118.92,184.65,196.12,5.0,No,529
Beauty & Personal Care,164,28,3.96,19.92,18.74,2.7,No,64
Electronics,495,237,59.82,716.19,758.27,4.4,No,292
Beauty & Personal Care,132,164,44.0,62.61,60.37,3.6,Yes,257
Home & Kitchen,403,268,70.02,135.36,141.35,3.6,Yes,380
Beauty & Personal Care,384,148,39.47,54.05,50.51,3.9,No,188
Fashion,588,244,63.25,90.58,94.12,3.7,Yes,357
Fashion,22,234,58.39,49.95,52.49,3.1,No,281
Grocery,211,246,63.92,2.67,2.73,2.7,No,270
Beauty & Personal Care,73,376,94.12,14.0,14.94,3.4,No,420
Grocery,109,104,26.63,20.97,21.26,3.2,No,139
Grocery,267,336,79.31,15.33,16.63,3.8,No,372
Fashion,339,447,119.69,135.79,128.96,4.1,Yes,563
Electronics,289,125,32.61,913.16,966.73,4.2,No,195
Beauty & Personal Care,528,434,105.27,52.68,51.84,4.9,No,496
Home & Kitchen,26,143,33.12,166.37,169.25,3.6,No,182
Fashion,307,448,105.22,39.07,42.39,3.8,No,504
Beauty & Personal Care,266,290,77.2,58.04,57.23,3.3,No,330
Beauty & Personal Care,101,449,119.81,62.0,59.22,2.8,No,466
Electronics,127,187,49.27,316.48,322.35,4.4,No,279
Beauty & Personal Care,211,128,30.55,15.24,14.92,4.0,Yes,249
Home & Kitchen,557,63,14.61,126.66,119.4,3.0,No,104
Home & Kitchen,71,461,113.88,29.08,31.68,4.0,No,497
Home & Kitchen,471,337,84.7,97.1,97.55,3.9,No,370
Electronics,523,259,64.3,1140.32,1227.91,3.9,No,332
Home & Kitchen,507,127,25.57,49.5,52.47,4.1,No,195
Beauty & Personal Care,480,401,98.26,67.66,66.65,4.0,Yes,506
Home & Kitchen,520,313,84.25,136.6,137.87,3.2,No,369
Home & Kitchen,23,215,53.76,31.65,29.02,3.0,No,238
Electronics,248,121,24.15,900.86,898.52,4.9,No,193
Home & Kitchen,238,408,101.95,74.32,69.81,3.7,No,454
Electronics,526,104,26.88,730.38,798.69,4.0,No,176
Grocery,137,74,20.88,10.33,10.4,4.0,No,135
Sports & Outdoors,28,67,16.42,99.22,98.04,4.4,No,138
Home & Kitchen,385,192,48.51,24.04,23.01,4.9,Yes,308
Sports & Outdoors,55,234,61.31,175.19,164.91,4.4,Yes,340
Beauty & Personal Care,255,406,101.94,14.15,13.99,4.1,No,466
Fashion,7,93,21.81,23.2,21.98,4.3,No,166
Sports & Outdoors,219,79,22.28,163.67,149.02,4.2,Yes,200
Sports & Outdoors,83,265,65.57,228.41,248.73,4.3,Yes,409
Sports & Outdoors,583,361,88.13,210.6,194.24,3.9,No,402
Home & Kitchen,281,418,105.29,131.09,137.37,3.0,Yes,536
Sports & Outdoors,280,77,16.99,72.93,73.86,4.3,No,143
Fashion,235,153,36.61,49.39,47.46,3.5,No,201
Home & Kitchen,396,160,45.96,130.54,139.1,5.0,No,223
Beauty & Personal Care,30,90,19.28,48.36,53.02,4.2,No,147
Grocery,195,452,115.34,4.8,4.68,3.3,No,507
Beauty & Personal Care,409,306,78.73,14.31,13.97,3.4,No,360
Fashion,254,458,113.67,28.58,27.28,3.1,No,499
Grocery,411,360,95.69,6.84,6.16,3.8,No,403
Beauty & Personal Care,584,105,22.87,15.65,16.92,3.8,No,148
Fashion,39,208,53.6,65.62,66.48,4.4,No,258
Electronics,359,446,110.75,915.15,927.39,4.3,No,486
Fashion,144,349,84.42,18.02,16.84,4.0,No,401
Fashion,486,86,18.28,97.82,96.1,3.4,Yes,195
Fashion,21,391,102.18,139.82,148.67,3.1,No,417
Fashion,249,233,56.09,39.24,36.29,5.0,No,305
Beauty & Personal Care,119,381,91.56,48.44,50.31,3.6,No,430
Beauty & Personal Care,322,454,115.54,35.9,36.81,4.3,Yes,576
Sports & Outdoors,224,87,21.56,133.48,142.8,3.8,No,137
Home & Kitchen,297,139,37.89,116.15,124.28,3.9,No,198
Electronics,279,453,110.61,471.73,471.81,4.0,No,508
Sports & Outdoors,246,283,71.94,35.09,33.1,4.2,Yes,417
Fashion,160,194,50.85,47.26,43.65,4.6,No,236
Grocery,13,56,11.75,4.07,3.88,3.8,No,99
Grocery,461,184,51.81,7.89,7.71,3.3,No,228
Sports & Outdoors,250,31,7.8,108.68,105.18,5.0,Yes,157
Grocery,80,405,99.96,9.46,9.07,5.0,No,463
Grocery,270,214,52.12,5.83,5.58,4.5,Yes,327
Home & Kitchen,391,316,78.47,72.1,67.38,4.0,No,367
Home & Kitchen,18,138,28.69,90.05,96.43,3.0,No,181
Beauty & Personal Care,379,294,78.25,40.01,43.57,4.2,No,341
Beauty & Personal Care,306,24,9.9,45.21,42.62,4.8,No,95
Home & Kitchen,217,18,4.07,13.81,12.82,3.0,No,65
Sports & Outdoors,558,360,86.61,39.28,36.9,4.6,No,411
Electronics,45,473,113.57,842.09,766.4,5.0,No,509
Beauty & Personal Care,234,213,54.65,54.94,49.87,3.7,No,265
Electronics,468,279,71.77,608.1,612.96,5.0,Yes,433
Fashion,100,475,115.27,141.1,151.1,3.1,No,516
Fashion,28,489,114.74,132.88,120.45,3.5,No,517
Beauty & Personal Care,531,389,96.45,69.4,65.89,3.9,No,430
Electronics,68,415,105.14,1137.49,1100.11,3.6,No,436
Home & Kitchen,355,31,12.64,68.64,70.11,4.2,Yes,150
Sports & Outdoors,339,462,116.08,128.05,116.42,3.0,Yes,567
Home & Kitchen,183,389,92.73,97.27,98.54,4.6,No,449
Electronics,253,394,97.66,189.03,175.45,3.6,No,432
Beauty & Personal Care,240,218,56.0,60.6,57.89,3.3,No,277
Fashion,473,232,55.43,29.57,32.14,3.1,No,274
Grocery,287,438,109.17,19.8,21.21,2.5,No,450
Electronics,32,212,56.44,628.39,666.06,4.2,No,283
Beauty & Personal Care,551,221,50.2,12.72,13.24,5.0,No,312
Beauty & Personal Care,264,396,102.9,55.36,56.26,3.4,No,434
Sports & Outdoors,160,345,81.66,155.05,147.31,3.7,Yes,426
Home & Kitchen,594,96,27.21,141.99,128.02,3.8,No,133
Sports & Outdoors,67,269,67.83,80.67,76.49,4.4,No,323
Electronics,188,259,68.81,1005.61,1091.56,3.6,No,329
Home & Kitchen,560,174,44.89,32.99,35.83,4.9,No,244
Sports & Outdoors,102,224,55.0,52.98,49.87,4.2,No,277
Home & Kitchen,393,392,99.29,176.12,160.61,3.2,No,419
Electronics,375,416,99.31,425.83,387.05,2.9,No,424
Grocery,83,194,49.49,15.19,15.35,4.3,No,225
Sports & Outdoors,466,375,98.77,22.9,22.43,4.9,No,453
Grocery,276,133,39.6,11.58,10.95,4.3,No,195
Grocery,134,297,77.04,16.91,17.22,3.0,Yes,405
Beauty & Personal Care,197,124,31.21,22.71,23.92,3.6,No,154
Electronics,298,418,108.44,405.63,369.3,2.4,No,419
Sports & Outdoors,295,351,88.27,61.75,64.76,4.0,No,411
Electronics,400,457,117.17,492.37,456.29,4.0,No,473
Electronics,44,447,109.67,463.11,495.07,3.2,No,518
Home & Kitchen,200,445,115.71,14.17,15.41,2.5,No,479
Fashion,216,377,96.14,97.74,101.42,1.8,No,415
Fashion,32,74,22.99,101.78,102.18,4.4,No,146
Home & Kitchen,113,43,5.94,147.44,143.95,4.5,No,94
Home & Kitchen,524,220,55.28,112.32,106.8,2.9,Yes,329
Fashion,299,200,53.74,99.01,90.22,3.9,No,262
Fashion,158,283,69.05,92.39,101.33,4.3,No,336
Electronics,265,332,86.31,1194.48,1211.49,3.6,No,343
Beauty & Personal Care,300,349,86.91,70.29,69.31,3.9,No,396
Sports & Outdoors,255,87,18.86,131.15,142.61,3.1,No,117
Grocery,442,450,110.82,12.42,13.04,3.7,No,490
Beauty & Personal Care,174,414,99.65,59.89,61.46,2.8,No,444
Beauty & Personal Care,430,388,95.86,55.29,56.99,3.8,Yes,492
Beauty & Personal Care,47,230,51.24,17.41,16.8,5.0,No,298
Fashion,129,56,8.55,125.75,117.8,4.5,No,105
Fashion,263,20,2.02,131.22,130.91,4.4,No,50
Home & Kitchen,238,79,24.01,160.23,166.55,2.5,No,108
Sports & Outdoors,378,446,108.39,115.49,122.87,3.0,No,483
Sports & Outdoors,559,128,36.28,44.89,43.96,3.8,No,160
Grocery,241,80,20.65,8.84,8.26,2.8,No,124
Fashion,454,317,78.18,101.19,110.15,4.7,No,368
Sports & Outdoors,53,426,106.45,125.15,122.61,4.2,No,464
Electronics,548,312,75.65,179.51,196.73,4.4,No,373
Beauty & Personal Care,172,229,56.51,22.45,22.05,3.1,No,270
Grocery,124,48,4.52,8.78,8.42,4.4,No,92
Beauty & Personal Care,209,275,65.19,9.03,9.76,3.8,No,315
Electronics,218,260,64.28,219.95,220.66,4.6,No,305
Sports & Outdoors,269,170,41.73,171.28,181.08,3.4,No,222
Fashion,358,226,59.78,128.38,123.04,4.4,No,266
Fashion,236,61,12.87,36.61,33.66,5.0,No,128
Grocery,177,272,73.84,2.63,2.74,4.0,No,338
Grocery,143,83,21.34,19.32,18.68,4.3,No,139
Fashion,288,127,33.86,71.13,77.74,4.9,No,183
Fashion,86,308,78.81,56.82,61.06,4.7,No,351
Beauty & Personal Care,566,73,22.34,61.49,55.62,3.0,No,126
Grocery,46,301,75.48,19.2,21.01,3.6,No,348
Grocery,585,47,7.66,6.74,6.95,5.0,No,127
Fashion,99,247,59.33,102.82,100.66,3.6,No,289
Fashion,389,230,63.09,107.15,114.47,4.2,Yes,346
Home & Kitchen,575,397,100.38,77.4,70.08,2.9,No,429
Grocery,81,489,118.37,3.25,2.94,4.2,No,537
Beauty & Personal Care,527,125,31.25,61.06,63.43,3.4,No,167
Fashion,577,300,77.07,38.86,39.58,5.0,No,350
Sports & Outdoors,61,337,84.4,157.33,157.0,3.3,Yes,445
Electronics,33,372,96.11,317.12,286.36,4.1,No,425
Electronics,140,268,67.58,255.05,277.19,4.1,No,318
Electronics,130,435,110.44,359.57,325.07,2.5,No,436
Sports & Outdoors,365,392,99.23,242.0,242.69,5.0,No,452
Electronics,504,196,43.7,1057.71,1080.41,4.1,Yes,311
Fashion,593,98,19.87,74.68,76.6,3.3,No,148
Home & Kitchen,372,379,94.85,191.75,187.58,3.6,No,418
Grocery,262,282,67.27,18.0,19.69,2.5,No,291
Home & Kitchen,274,474,121.51,66.37,67.2,3.4,No,511
Beauty & Personal Care,37,434,102.74,15.63,17.0,3.9,Yes,534
Grocery,93,429,111.62,9.87,10.21,3.0,No,468
Home & Kitchen,340,420,102.63,15.47,15.21,3.0,No,420
Sports & Outdoors,429,94,21.49,223.39,233.75,3.6,No,172
Grocery,62,441,110.82,8.29,7.69,4.2,No,477
Electronics,23,229,59.23,1074.61,1097.57,4.3,No,307
Beauty & Personal Care,297,176,47.61,57.16,61.7,4.2,Yes,304
Beauty & Personal Care,482,70,20.51,75.12,80.77,4.3,No,133
Fashion,359,492,123.4,116.57,123.39,3.9,No,524
Home & Kitchen,144,303,71.7,113.05,106.77,4.3,Yes,428
Fashion,242,348,88.73,101.77,100.92,3.7,Yes,474
Grocery,59,225,59.21,14.45,14.19,4.1,No,311
Electronics,186,97,30.76,693.63,625.48,4.1,No,124
Electronics,264,353,84.91,1029.52,1108.4,4.1,No,449
Home & Kitchen,62,328,80.81,138.52,129.53,2.0,No,349
Electronics,326,491,124.02,1111.79,1066.84,4.2,No,542
Grocery,128,357,90.24,5.41,5.77,3.4,Yes,442
Sports & Outdoors,580,411,101.37,60.34,56.77,3.2,Yes,503
Electronics,514,466,118.98,1147.42,1039.03,4.0,No,456
Electronics,414,155,36.59,956.43,863.21,4.4,No,176
Grocery,499,447,107.17,19.69,17.89,3.2,No,473
Beauty & Personal Care,489,443,111.02,53.84,57.99,4.0,No,502
Grocery,130,460,122.86,4.47,4.07,4.7,No,543
Electronics,387,190,46.13,772.9,778.92,4.5,No,240
Sports & Outdoors,408,348,83.83,150.94,165.66,3.4,No,364
Grocery,321,481,123.25,15.3,15.98,4.7,No,527
Sports & Outdoors,127,302,74.5,97.7,89.77,4.1,No,347
Fashion,227,353,90.97,25.21,25.02,4.2,No,410
Beauty & Personal Care,553,117,31.32,67.06,64.85,4.0,No,169
Electronics,395,372,93.4,463.05,430.56,4.4,No,418
Electronics,412,17,7.55,469.27,423.15,4.0,No,85
Beauty & Personal Care,505,66,16.27,12.54,13.27,3.5,No,101
Home & Kitchen,596,252,62.46,93.18,94.2,4.2,No,319
Beauty & Personal Care,498,65,13.75,67.6,69.38,4.0,No,117
Fashion,582,227,51.21,39.74,35.84,3.7,Yes,311
Sports & Outdoors,502,437,108.57,184.08,181.95,4.4,No,482
Sports & Outdoors,36,184,47.44,96.94,95.0,3.9,No,246
Electronics,137,419,101.54,1053.45,1060.19,4.2,No,471
Beauty & Personal Care,26,333,81.68,77.77,82.02,4.3,No,382
Sports & Outdoors,305,455,112.67,142.83,143.26,4.0,No,489
Electronics,553,496,121.93,548.57,499.0,4.1,Yes,595
Beauty & Personal Care,414,316,75.25,25.6,26.2,3.4,No,354
Fashion,395,198,50.95,17.02,15.51,4.6,No,245
Grocery,200,415,105.55,19.29,17.76,4.0,No,461
Grocery,378,438,105.63,23.97,23.65,3.7,No,479
Home & Kitchen,308,459,111.71,143.3,149.57,5.0,No,532
Grocery,139,219,56.67,15.32,14.49,2.9,No,270
Sports & Outdoors,586,268,65.09,98.1,98.59,2.8,No,302
Electronics,266,304,72.24,948.85,1015.42,3.5,No,351
Electronics,214,166,40.77,641.7,683.75,4.0,No,228
Sports & Outdoors,396,478,123.77,236.23,237.76,3.6,No,532
Electronics,121,411,102.16,362.82,334.65,3.7,No,433
Sports & Outdoors,524,327,85.37,153.88,141.25,4.1,No,390
Home & Kitchen,445,384,95.36,45.45,41.84,3.2,No,414
Grocery,102,301,73.95,21.54,22.74,4.1,No,378
Home & Kitchen,468,74,16.6,13.91,15.24,3.1,Yes,196
Home & Kitchen,319,427,106.69,80.17,86.4,4.8,No,451
Beauty & Personal Care,336,191,44.8,56.03,56.87,3.5,No,226
Fashion,116,380,92.55,109.4,112.44,5.0,No,442
Sports & Outdoors,393,152,38.06,130.74,134.42,3.9,No,207
Sports & Outdoors,496,462,111.05,178.91,178.04,4.2,No,516
Home & Kitchen,87,232,57.77,86.93,81.2,2.7,No,261
Home & Kitchen,299,266,59.11,30.63,32.42,4.3,No,306
Fashion,415,217,54.86,37.69,36.52,3.7,No,259
Home & Kitchen,562,465,112.95,163.31,167.39,3.3,Yes,556
Fashion,66,90,22.57,92.44,100.1,3.7,No,135
Home & Kitchen,306,209,47.83,193.63,198.89,4.0,No,276
Beauty & Personal Care,489,126,30.14,78.73,76.3,4.8,No,199
Electronics,525,248,58.79,263.43,265.27,3.2,No,286
Fashion,181,199,48.65,23.37,25.18,3.9,No,263
Fashion,432,376,90.13,48.44,51.88,2.8,No,424
Grocery,337,413,102.82,20.93,22.02,3.8,No,468
Sports & Outdoors,114,233,58.79,110.22,119.62,3.5,No,255
Home & Kitchen,509,117,31.27,87.88,91.04,3.9,No,186
Fashion,465,401,100.06,144.09,155.03,2.9,No,461
Fashion,537,351,81.38,99.99,103.47,3.4,No,375
Fashion,337,101,23.48,45.45,42.62,4.8,No,170
Electronics,399,408,99.11,510.34,528.28,4.1,Yes,510
Beauty & Personal Care,125,181,45.27,73.22,70.2,3.4,No,231
Home & Kitchen,350,154,35.19,84.76,78.52,3.2,No,186
Electronics,418,191,49.65,623.34,644.51,3.5,No,227
Grocery,56,365,89.25,9.46,8.94,4.3,No,407
Electronics,125,324,76.71,1086.38,1046.3,4.2,Yes,408
Grocery,594,334,81.22,12.51,13.42,4.3,No,397
Electronics,468,177,43.52,560.1,539.72,3.6,No,205
Fashion,544,319,76.77,71.69,67.31,3.7,No,369
Grocery,397,299,76.97,2.03,2.2,3.5,No,349
Fashion,356,349,84.61,52.93,53.61,3.4,Yes,441
Beauty & Personal Care,421,294,73.9,38.46,35.67,4.4,No,337
Home & Kitchen,422,172,40.01,189.13,181.22,4.0,No,209
Electronics,395,334,85.84,489.9,490.8,4.5,No,412
Sports & Outdoors,146,338,85.04,122.61,113.48,3.8,No,388
Grocery,315,172,42.45,22.95,24.48,3.2,No,229
Electronics,496,126,28.81,1198.18,1090.15,3.6,No,114
Beauty & Personal Care,464,333,83.94,38.38,41.24,3.3,No,368
Sports & Outdoors,266,448,116.73,221.22,203.69,3.9,No,466
Grocery,358,136,31.72,15.67,17.24,2.9,Yes,241
Fashion,323,411,101.59,34.66,33.5,4.6,No,499
Home & Kitchen,364,343,87.86,160.74,169.39,4.5,No,408
Home & Kitchen,206,313,78.9,199.46,202.09,2.9,Yes,404
Home & Kitchen,453,292,75.47,151.88,153.78,3.4,No,325
Beauty & Personal Care,79,447,111.68,70.45,75.36,4.1,No,504
Sports & Outdoors,14,253,64.0,102.17,95.66,2.6,No,286
Grocery,106,339,86.16,2.47,2.68,4.0,No,381
Electronics,582,247,54.77,585.59,589.65,4.9,No,315
Electronics,434,149,37.05,1063.85,1122.55,2.3,Yes,262
Home & Kitchen,278,121,31.86,95.72,102.72,3.7,No,164
Fashion,313,174,43.75,34.0,37.03,3.7,No,219
Fashion,472,284,71.24,52.57,49.21,4.0,No,344
Sports & Outdoors,22,354,89.32,44.57,44.1,2.9,No,394
Sports & Outdoors,580,296,70.27,109.03,111.05,2.5,No,320
Sports & Outdoors,475,169,43.44,68.05,68.41,3.6,Yes,273
Sports & Outdoors,269,388,97.78,189.9,205.22,4.3,No,457
Sports & Outdoors,373,227,55.26,135.68,138.65,4.0,Yes,353
Electronics,115,214,53.93,929.5,929.15,4.9,No,262
Grocery,95,28,8.71,24.57,25.61,4.5,No,80
Home & Kitchen,350,180,47.18,21.33,20.79,4.0,No,224
Grocery,369,474,110.19,11.06,10.91,3.6,No,520
Beauty & Personal Care,483,350,79.84,43.51,41.76,4.1,No,375
Home & Kitchen,308,338,82.0,190.78,198.96,4.6,No,399
Electronics,259,443,115.27,445.21,447.11,3.3,Yes,545
Beauty & Personal Care,115,160,40.79,78.5,71.8,2.9,No,187
Sports & Outdoors,363,230,53.37,229.52,215.85,5.0,No,293
Grocery,592,173,41.53,15.96,17.54,3.6,Yes,289
Grocery,270,255,66.42,2.87,2.89,4.7,Yes,388
Fashion,57,290,71.28,127.04,137.02,3.2,Yes,417
Electronics,359,477,118.02,898.24,884.37,3.8,Yes,587
Sports & Outdoors,319,323,82.61,165.68,179.72,3.4,No,371
Home & Kitchen,160,61,17.36,104.81,108.03,3.3,Yes,173
Sports & Outdoors,202,289,67.12,239.25,259.19,2.9,No,313
Home & Kitchen,190,453,114.37,43.72,41.93,2.8,No,498
Sports & Outdoors,281,459,112.89,127.89,140.02,5.0,No,527
Grocery,479,216,56.61,9.16,9.68,3.8,No,269
Electronics,244,478,114.84,550.95,567.9,3.8,Yes,582
Grocery,40,376,95.5,5.53,5.9,4.2,No,445
Fashion,502,127,32.72,147.44,133.29,3.7,No,162
Electronics,477,451,112.69,765.58,796.08,4.8,Yes,590
Beauty & Personal Care,107,378,90.74,10.25,9.54,3.0,Yes,467
Fashion,61,52,19.36,105.4,97.76,2.9,No,96
Sports & Outdoors,470,349,86.8,15.95,15.64,4.7,Yes,467
Beauty & Personal Care,591,221,57.94,54.38,53.27,4.4,No,277
Electronics,37,431,104.16,414.33,411.56,4.4,No,454
Fashion,410,288,72.74,139.24,137.22,4.7,No,340
Grocery,190,197,49.24,20.17,20.79,3.2,No,226
Sports & Outdoors,476,41,13.22,98.71,91.29,4.0,Yes,158
Grocery,501,273,67.32,12.85,12.48,3.1,No,317
Home & Kitchen,337,410,99.65,117.39,120.01,4.5,No,443
Electronics,61,291,70.68,987.48,895.64,3.8,No,321
Sports & Outdoors,334,180,44.14,155.33,154.01,3.6,No,200
Home & Kitchen,349,208,60.28,41.62,44.9,3.7,No,263
Home & Kitchen,270,298,74.5,156.03,152.19,4.8,No,337
Fashion,480,52,14.11,39.86,42.91,5.0,No,107
Electronics,76,133,34.69,908.78,949.19,4.1,Yes,278
Grocery,268,145,32.09,14.49,14.22,3.9,No,185
Beauty & Personal Care,236,323,77.9,38.68,41.69,4.6,No,381
Fashion,157,410,101.27,40.13,38.46,2.3,No,426
Electronics,460,180,45.29,704.44,674.65,3.5,No,223
Grocery,279,323,81.11,4.57,4.84,4.7,No,364
Sports & Outdoors,91,306,75.87,143.46,155.51,4.5,No,385
Grocery,330,399,103.22,7.23,6.54,4.9,No,477
Electronics,178,216,52.35,516.31,547.78,2.8,No,263
Electronics,170,68,14.09,343.23,374.42,4.1,No,136
Beauty & Personal Care,338,17,7.33,22.1,20.63,3.1,No,91
Home & Kitchen,424,233,59.29,85.71,88.0,3.8,No,245
Home & Kitchen,173,159,40.55,12.42,12.69,3.8,Yes,272
Fashion,142,33,6.15,128.8,135.16,3.6,No,84
Fashion,565,109,25.46,101.26,100.79,4.5,No,190
Home & Kitchen,505,433,102.58,91.39,91.96,2.3,No,448
Beauty & Personal Care,58,217,57.93,32.26,33.07,2.3,No,247
Beauty & Personal Care,5,225,53.6,9.88,10.01,5.0,Yes,354
Home & Kitchen,215,439,114.61,48.86,48.04,5.0,No,517
Beauty & Personal Care,242,474,117.12,63.35,67.62,3.8,Yes,578
Home & Kitchen,413,378,90.15,56.51,55.11,3.4,No,408
Home & Kitchen,248,98,21.01,128.24,127.27,3.9,No,135
Electronics,377,407,103.59,1106.64,1175.93,4.4,No,468
Grocery,39,457,116.47,23.36,21.57,4.4,No,526
Fashion,58,90,23.26,103.23,98.91,5.0,Yes,244
Electronics,389,291,70.7,579.53,524.88,3.6,No,319
Home & Kitchen,533,87,21.56,16.61,17.58,4.2,Yes,244
Fashion,445,34,12.51,69.24,63.3,3.4,No,96
Home & Kitchen,315,223,56.11,119.17,108.41,3.0,No,251
Grocery,355,408,95.18,7.54,7.92,4.0,No,467
Home & Kitchen,190,125,29.09,136.68,135.9,4.3,Yes,264
Electronics,424,71,23.21,848.65,927.19,3.0,Yes,203
Grocery,523,140,37.59,1.88,1.73,4.2,Yes,246
Sports & Outdoors,350,25,9.97,121.68,111.54,4.5,No,90
Electronics,287,145,35.61,1112.66,1144.42,4.1,No,203
Home & Kitchen,189,151,35.37,74.89,81.77,3.1,No,198
Beauty & Personal Care,266,17,2.66,52.25,56.12,3.2,No,71
Sports & Outdoors,437,240,62.27,187.11,181.29,2.7,No,283
Sports & Outdoors,448,382,98.54,229.19,218.98,3.5,No,406
Sports & Outdoors,232,101,24.59,84.96,85.99,3.6,No,138
Electronics,465,483,123.92,284.05,301.24,4.5,No,545
Grocery,53,193,50.35,9.09,8.85,4.0,Yes,346
Electronics,205,400,104.09,580.37,551.62,3.2,Yes,494
Beauty & Personal Care,344,314,79.89,36.24,35.8,3.8,No,353
Sports & Outdoors,140,265,66.27,91.56,83.05,4.2,No,339
Fashion,453,158,36.23,99.87,107.57,4.9,No,230
Electronics,434,283,68.59,871.99,845.7,4.4,Yes,395
Sports & Outdoors,260,253,58.47,108.46,112.37,4.3,No,302
Fashion,470,32,6.46,50.77,47.94,3.7,No,77
Electronics,539,490,124.78,260.0,277.49,4.4,No,563
Electronics,361,148,37.88,1084.5,1177.36,3.6,Yes,285
Beauty & Personal Care,86,110,27.33,18.32,16.98,2.6,No,130
Electronics,292,240,58.7,1071.48,1057.78,4.3,Yes,339
Fashion,72,52,11.72,42.55,46.34,3.4,Yes,160
Fashion,219,251,62.93,121.83,123.63,4.5,No,294
Electronics,539,394,101.08,399.62,406.35,2.8,No,426
Beauty & Personal Care,181,130,33.89,12.75,13.04,3.6,No,190
Beauty & Personal Care,397,91,17.41,23.9,24.93,4.3,No,150
Sports & Outdoors,327,440,109.71,40.07,41.12,4.6,No,496
Home & Kitchen,504,45,11.96,50.77,47.67,5.0,Yes,187
Electronics,530,200,53.11,456.26,452.36,2.9,No,231
Beauty & Personal Care,71,91,22.72,58.14,53.61,4.3,No,170
Sports & Outdoors,92,249,62.4,74.57,80.17,2.9,No,283
Home & Kitchen,235,490,124.42,194.74,190.35,4.3,No,554
Grocery,212,353,84.15,5.07,5.14,4.4,No,412
Fashion,557,15,2.42,128.4,140.35,4.7,No,78
Sports & Outdoors,176,301,75.9,36.83,33.61,4.3,No,334
Beauty & Personal Care,400,201,56.4,37.85,40.9,4.4,No,255
Electronics,164,83,18.34,944.62,1008.28,4.6,No,171
Home & Kitchen,369,56,14.74,112.92,109.02,4.0,No,100
Grocery,515,158,38.09,15.46,15.67,4.0,Yes,267
Sports & Outdoors,296,374,94.76,185.23,192.67,4.3,No,424
Home & Kitchen,61,459,121.03,82.01,89.05,3.3,No,489
Electronics,58,237,57.39,682.05,685.89,3.0,No,262
Fashion,530,165,43.26,140.58,152.04,2.1,No,186
Grocery,580,123,25.45,11.95,10.78,3.2,Yes,236
Fashion,265,161,40.37,40.15,43.58,3.3,No,210
Sports & Outdoors,147,475,116.44,142.38,145.28,3.5,No,496
Sports & Outdoors,529,328,83.91,203.34,204.91,3.2,No,356
Electronics,503,234,60.23,623.25,631.2,2.7,Yes,339
Sports & Outdoors,580,122,33.11,48.1,49.87,4.3,No,179
Fashion,395,57,14.82,87.86,81.69,4.1,No,104
Home & Kitchen,557,391,96.67,43.54,44.5,3.3,No,418
Beauty & Personal Care,180,138,34.48,38.82,37.47,3.2,No,183
Sports & Outdoors,312,383,96.69,91.35,91.66,3.2,No,431
Home & Kitchen,513,301,78.05,177.0,193.35,4.9,No,385
Sports & Outdoors,191,228,58.94,103.05,96.25,3.6,No,282
Sports & Outdoors,556,163,40.12,27.14,29.83,3.7,No,225
Grocery,551,471,115.29,16.38,17.0,4.7,No,543
Sports & Outdoors,29,206,56.77,94.31,92.08,4.4,No,265
Sports & Outdoors,115,464,116.8,34.44,34.6,4.0,No,521
Home & Kitchen,486,497,123.77,44.35,45.65,4.9,No,561
Sports & Outdoors,37,48,14.8,61.01,64.83,3.6,No,109
Grocery,557,382,101.97,11.26,11.56,3.9,No,447
Sports & Outdoors,66,328,87.27,50.1,48.78,5.0,No,380
Grocery,40,383,102.32,9.07,8.24,4.0,No,428
Home & Kitchen,153,343,87.4,196.74,191.76,3.7,No,403
Sports & Outdoors,72,279,71.23,190.42,206.71,3.1,No,308
Beauty & Personal Care,578,142,31.55,35.61,32.06,4.5,No,206
Fashion,167,351,92.67,38.95,35.16,3.7,No,397
Home & Kitchen,117,172,44.75,21.02,21.37,4.6,No,229
Sports & Outdoors,84,26,10.39,237.4,231.6,3.4,No,66
Beauty & Personal Care,229,98,24.2,62.45,61.37,3.3,No,139
Grocery,575,451,112.32,11.58,10.7,4.1,No,517
Home & Kitchen,293,26,7.02,56.59,54.94,4.7,Yes,182
Beauty & Personal Care,538,35,10.21,37.56,36.7,3.7,No,69
Grocery,292,317,72.56,22.55,21.37,3.9,No,340
Beauty & Personal Care,31,200,52.9,48.6,47.65,4.4,No,253
Sports & Outdoors,261,359,94.03,72.6,75.72,5.0,No,428
Home & Kitchen,410,71,20.82,163.13,155.3,3.2,No,126
Beauty & Personal Care,403,386,99.97,13.11,13.11,3.6,Yes,509
Home & Kitchen,303,202,53.85,40.03,36.2,3.7,No,240
Grocery,399,65,18.69,2.52,2.69,4.3,No,115
Beauty & Personal Care,86,214,55.09,25.1,24.31,3.4,No,271
Home & Kitchen,554,325,79.9,25.62,24.74,4.8,No,355
Grocery,528,450,106.58,16.72,18.28,3.1,No,484
Electronics,227,31,8.14,1151.28,1185.93,3.2,No,96
Grocery,171,116,25.24,7.12,6.93,5.0,No,205
Home & Kitchen,108,288,76.46,99.5,98.69,2.9,No,334
Sports & Outdoors,48,207,53.35,143.12,144.68,4.2,No,271
Grocery,304,328,82.25,19.13,19.63,3.3,No,361
Fashion,384,97,19.62,72.26,68.53,2.8,No,131
Beauty & Personal Care,137,56,20.5,11.93,11.91,3.2,No,101
Grocery,399,120,31.57,20.67,21.2,5.0,Yes,244
Fashion,301,358,88.99,139.19,126.44,3.6,Yes,457
Electronics,453,444,116.76,720.09,744.09,3.9,No,501
Grocery,159,471,115.0,21.53,22.07,4.2,No,517
Electronics,126,298,73.15,339.29,347.9,4.0,No,341
Grocery,284,94,21.38,6.55,6.72,3.5,No,132
Sports & Outdoors,561,102,20.8,26.19,26.57,4.0,No,172
Grocery,434,194,50.41,7.49,7.91,3.4,No,233
Sports & Outdoors,546,311,82.98,148.16,141.39,3.9,Yes,419
Home & Kitchen,324,306,76.43,159.89,148.46,4.1,No,355
Home & Kitchen,276,164,38.04,195.55,213.04,1.1,No,180
Beauty & Personal Care,67,80,28.42,52.37,48.92,3.6,No,157
Grocery,155,465,112.54,5.21,5.34,4.4,No,535
Grocery,166,31,6.71,18.0,19.03,4.9,No,99
Fashion,278,158,39.26,140.61,144.16,3.6,Yes,273
Beauty & Personal Care,366,345,83.97,68.41,71.55,4.9,No,389
Home & Kitchen,580,446,108.24,38.53,35.13,3.5,No,499
Electronics,564,120,31.52,1116.8,1222.59,3.6,No,240
Grocery,40,48,11.56,6.96,6.68,4.1,No,121
Beauty & Personal Care,289,202,46.05,60.96,64.79,4.0,No,268
Home & Kitchen,302,235,57.47,53.59,50.2,2.5,No,263
Fashion,244,357,93.02,137.19,145.15,3.8,No,409
Fashion,433,282,68.67,65.32,68.52,4.4,No,324
Beauty & Personal Care,81,449,118.0,44.42,40.53,4.9,No,512
Fashion,288,271,62.12,42.69,44.49,4.7,Yes,370
Sports & Outdoors,331,353,91.01,228.45,224.64,3.2,No,371
Fashion,85,121,26.06,96.21,89.72,3.3,No,159
Home & Kitchen,43,62,17.13,194.15,202.14,3.3,Yes,176
Home & Kitchen,320,416,104.28,142.99,152.37,4.5,No,488
Electronics,309,273,68.67,909.45,831.36,4.7,No,315
Grocery,528,31,10.06,18.16,17.83,5.0,Yes,168
Home & Kitchen,515,419,104.03,24.86,22.98,3.7,No,465
Sports & Outdoors,199,146,37.85,36.99,34.79,3.0,No,191
Sports & Outdoors,245,60,17.18,174.48,185.17,3.0,No,121
Fashion,149,486,124.15,71.88,77.52,4.3,Yes,602
Electronics,62,372,95.48,1074.23,1177.47,4.5,No,466
Grocery,454,69,19.19,17.25,18.63,3.1,Yes,211
Electronics,457,72,19.21,558.41,577.23,4.2,No,156
Home & Kitchen,100,336,86.58,194.26,188.1,4.1,No,397
Fashion,566,319,83.55,98.6,105.44,3.6,No,355
Electronics,424,191,47.47,215.34,232.46,4.1,Yes,326
Grocery,250,110,28.01,2.46,2.45,2.5,No,136
Grocery,7,126,32.23,12.51,13.5,4.0,No,172
Sports & Outdoors,589,400,98.48,53.63,51.31,3.8,No,461
Sports & Outdoors,102,392,99.7,136.06,142.3,3.6,Yes,514
Sports & Outdoors,467,247,65.78,241.27,247.39,4.2,No,309
Electronics,147,304,74.71,1084.08,1173.34,3.6,No,391
Fashion,519,250,66.18,109.58,103.54,4.8,No,333
Sports & Outdoors,274,174,53.45,24.38,25.97,4.4,No,244
Fashion,414,482,118.33,62.91,68.62,3.6,Yes,600
Sports & Outdoors,491,149,38.8,72.82,78.31,3.0,Yes,258
Home & Kitchen,566,94,21.19,111.85,115.46,3.4,No,144
Sports & Outdoors,173,175,46.61,218.46,215.77,3.8,No,236
Sports & Outdoors,170,17,2.52,37.72,41.33,5.0,No,89
Home & Kitchen,504,18,7.57,64.24,61.64,4.5,No,73
Fashion,544,195,47.8,123.36,127.34,4.0,No,222
Grocery,365,91,26.57,3.97,3.68,3.9,No,185
Grocery,252,445,115.28,18.39,16.86,5.0,No,529
Home & Kitchen,486,384,93.45,48.72,44.15,4.0,No,422
Fashion,206,182,45.66,90.27,81.88,2.9,Yes,309
Grocery,38,199,54.65,24.01,25.2,5.0,No,273
Beauty & Personal Care,34,130,33.6,33.4,35.55,2.6,No,170
Electronics,81,312,82.32,984.16,936.23,4.1,No,326
Fashion,113,480,118.17,123.16,122.54,3.9,No,547
Home & Kitchen,530,382,95.86,148.04,160.26,3.8,No,404
Grocery,316,87,21.46,18.44,17.52,3.6,Yes,196
Beauty & Personal Care,527,171,44.11,42.87,43.5,3.6,Yes,304
Beauty & Personal Care,25,358,88.38,12.4,12.09,3.7,No,401
Beauty & Personal Care,362,260,70.13,69.15,71.5,4.7,No,304
Grocery,594,400,101.95,18.3,17.81,3.7,No,441
Electronics,356,232,56.43,1163.25,1192.86,3.8,Yes,375
Grocery,381,24,4.07,7.1,6.4,3.5,No,90
Sports & Outdoors,573,272,69.81,67.04,60.35,3.2,No,303
Beauty & Personal Care,262,255,62.18,33.38,33.09,3.7,Yes,356
Electronics,133,493,122.58,321.02,324.06,4.1,No,503
Home & Kitchen,55,494,127.55,168.18,176.62,4.1,Yes,604
Grocery,326,192,43.29,2.22,2.24,4.8,No,253
Fashion,401,373,89.52,143.19,146.15,3.8,No,425
Grocery,47,31,10.05,17.09,16.12,4.4,No,108
Sports & Outdoors,299,155,46.62,51.33,48.32,4.9,No,218
Beauty & Personal Care,228,401,99.38,40.46,37.2,4.2,No,458
Home & Kitchen,468,82,22.87,152.81,149.35,4.2,No,118
Grocery,531,322,73.81,7.32,7.19,4.2,No,362
Electronics,267,90,27.23,430.05,409.38,1.8,No,97
Sports & Outdoors,344,342,89.53,72.22,77.75,3.7,No,387
Beauty & Personal Care,282,223,53.0,39.14,40.91,2.8,Yes,334
Fashion,198,473,117.53,111.88,121.72,4.5,No,549
Electronics,239,32,8.22,788.92,851.68,2.7,Yes,147
Beauty & Personal Care,118,461,116.73,76.02,78.52,4.2,No,494
Beauty & Personal Care,306,158,39.38,23.65,22.53,3.4,No,208
Electronics,568,419,107.73,419.53,414.86,4.4,No,483
Fashion,394,316,83.27,39.43,39.75,2.7,No,323
Fashion,226,371,94.76,101.16,102.48,3.5,No,403
Grocery,392,74,17.25,2.55,2.38,3.4,No,103
Sports & Outdoors,379,380,90.82,42.68,39.19,4.8,No,423
Fashion,464,208,54.14,62.28,65.67,3.6,No,284
Electronics,92,41,8.92,1180.9,1152.46,4.9,No,102
Sports & Outdoors,194,485,117.13,120.56,125.07,3.8,Yes,632
Grocery,123,103,25.53,7.23,7.01,3.2,Yes,186
Beauty & Personal Care,229,174,45.6,53.24,57.73,3.5,No,212
Sports & Outdoors,555,453,109.87,181.18,165.61,3.9,No,457
Grocery,301,46,10.01,11.81,12.84,5.0,No,118
Fashion,88,462,115.62,58.36,57.46,3.1,No,483
Fashion,381,399,100.03,142.8,139.69,3.8,Yes,504
Beauty & Personal Care,498,87,21.57,51.88,51.07,3.4,Yes,217
Fashion,568,188,45.21,134.55,135.14,3.7,No,229
Beauty & Personal Care,263,195,50.74,70.92,70.93,4.9,No,249
Electronics,539,279,64.03,243.07,237.55,4.7,No,325
Grocery,560,145,37.38,3.3,3.37,3.8,No,185
Fashion,145,316,78.88,136.81,140.37,3.3,No,344
Grocery,75,319,78.85,17.94,16.32,3.2,No,357
Electronics,245,409,98.3,1099.17,1183.57,5.0,No,501
Sports & Outdoors,401,354,89.4,198.09,200.55,2.3,No,408
Beauty & Personal Care,70,395,98.19,22.9,22.15,4.9,No,440
Beauty & Personal Care,503,312,83.12,58.73,62.95,5.0,No,389
Home & Kitchen,206,471,122.3,163.39,169.29,4.0,Yes,585
Home & Kitchen,217,160,40.39,105.22,102.46,3.7,Yes,286
Sports & Outdoors,265,66,20.85,53.37,57.98,4.3,No,125
Electronics,29,402,100.26,1006.48,1069.68,3.7,No,460
Fashion,167,72,19.35,48.09,50.38,4.1,No,129
Grocery,46,231,61.63,10.17,10.61,3.4,No,291
Beauty & Personal Care,98,248,63.23,75.12,81.54,3.4,No,283
Home & Kitchen,407,72,19.1,104.41,103.61,4.3,No,147
Sports & Outdoors,345,307,76.61,137.82,133.55,3.3,No,359
Electronics,342,142,34.23,751.42,824.85,3.5,Yes,289
Beauty & Personal Care,291,226,55.79,71.23,66.27,4.4,No,293
Beauty & Personal Care,33,335,82.88,50.47,54.21,4.5,No,390
Beauty & Personal Care,401,83,22.45,33.28,35.84,4.0,Yes,232
Fashion,235,350,89.07,63.58,58.02,3.7,No,394
Home & Kitchen,108,200,51.18,31.3,30.56,3.6,No,263
Sports & Outdoors,200,483,122.03,218.27,219.86,3.4,No,532
Grocery,193,470,115.28,15.81,17.08,3.2,No,495
Beauty & Personal Care,583,106,27.68,20.67,19.26,4.6,No,162
Beauty & Personal Care,495,421,109.59,44.66,46.53,4.8,No,486
Electronics,466,343,83.97,538.24,563.92,3.6,No,382
Electronics,270,329,81.61,911.11,931.52,4.7,No,400
Home & Kitchen,295,262,63.95,165.06,171.94,4.9,No,309
Electronics,127,325,82.98,998.29,949.79,2.6,No,346
Electronics,47,319,78.81,397.77,380.65,3.9,Yes,418
Sports & Outdoors,113,92,20.18,124.77,122.08,4.2,Yes,218
Beauty & Personal Care,562,265,69.5,77.95,84.86,3.4,No,338
Fashion,183,92,22.64,110.44,105.68,4.3,Yes,213
Beauty & Personal Care,273,381,95.01,53.17,56.88,3.2,No,425
Grocery,364,127,37.69,18.29,17.26,3.6,No,166
Grocery,80,138,34.45,11.57,10.95,3.7,Yes,255
Beauty & Personal Care,510,198,50.19,26.19,26.04,3.0,No,219
Sports & Outdoors,242,213,50.61,249.19,251.76,3.8,No,271
Grocery,494,251,63.89,5.79,6.01,4.0,No,313
Beauty & Personal Care,169,90,24.13,25.1,23.91,5.0,No,167
Sports & Outdoors,399,365,93.5,231.56,213.92,3.6,No,390
Fashion,165,165,39.25,108.73,118.33,4.8,No,239
Beauty & Personal Care,124,176,44.39,53.6,57.82,5.0,No,260
Grocery,587,176,40.89,22.88,24.97,2.7,Yes,265
Beauty & Personal Care,60,20,2.59,27.84,28.92,4.3,No,46
Electronics,91,49,18.07,536.07,566.3,4.4,Yes,196
Fashion,180,152,35.83,125.66,122.66,3.6,Yes,266
Electronics,329,294,75.1,1072.98,1103.97,3.9,No,358
Grocery,200,373,92.16,18.34,19.46,4.0,No,424
Home & Kitchen,414,71,14.65,185.61,171.33,4.7,No,103
Home & Kitchen,159,18,1.75,161.39,172.44,2.9,Yes,107
Grocery,269,129,33.62,10.12,10.02,3.3,Yes,240
Fashion,234,294,69.6,77.36,71.92,3.3,No,334
Electronics,102,425,105.64,777.67,757.07,3.3,No,461
Electronics,289,363,95.05,911.98,947.01,4.2,No,444
Grocery,67,135,33.16,24.24,23.55,4.3,Yes,267
Sports & Outdoors,186,81,17.19,141.13,127.7,3.3,No,104
Grocery,535,295,68.51,18.31,19.98,3.8,No,358
Sports & Outdoors,388,330,84.9,171.57,163.5,5.0,Yes,441
Sports & Outdoors,80,117,32.4,170.63,172.24,4.5,No,186
Home & Kitchen,184,388,96.53,183.12,185.78,3.2,No,423
Beauty & Personal Care,167,436,109.84,57.28,53.13,2.9,No,477
Beauty & Personal Care,44,318,82.19,33.67,35.47,5.0,No,376
Fashion,323,18,1.0,22.63,23.43,4.9,No,93
Electronics,372,130,32.02,956.49,935.31,4.7,No,179
Electronics,310,435,102.98,479.72,479.0,3.8,No,490
Fashion,564,394,94.16,57.3,56.36,3.9,Yes,490
Sports & Outdoors,354,288,76.12,100.35,107.54,3.8,No,362
Home & Kitchen,137,288,75.23,196.18,192.51,2.9,No,324
Fashion,388,120,21.55,70.39,70.46,3.8,No,159
Sports & Outdoors,545,49,13.47,95.26,91.63,3.2,Yes,175
Electronics,585,70,14.5,294.37,265.97,4.7,No,105
Beauty & Personal Care,345,390,96.76,15.59,14.19,4.2,No,446
Beauty & Personal Care,241,59,16.42,57.12,56.43,4.3,No,111
Electronics,333,383,92.96,604.42,627.37,2.6,No,438
Sports & Outdoors,115,201,52.63,40.28,36.56,3.6,No,251
Beauty & Personal Care,357,465,123.79,48.72,48.13,3.8,Yes,570
Grocery,456,380,91.95,4.75,5.2,5.0,Yes,532
Grocery,592,359,88.17,6.02,6.4,3.1,No,386
Electronics,512,269,72.57,492.46,503.65,4.4,Yes,392
Grocery,417,42,9.28,10.52,9.66,3.0,No,76
Electronics,229,133,29.66,985.57,1080.85,3.4,Yes,286
Home & Kitchen,401,335,82.06,177.39,172.2,3.9,Yes,449
Sports & Outdoors,34,16,6.91,38.15,38.61,3.0,Yes,137
Electronics,203,409,102.05,636.57,678.72,4.6,No,471
Beauty & Personal Care,294,47,8.02,41.98,39.76,3.7,No,96
Beauty & Personal Care,333,349,85.13,37.84,38.82,4.4,No,413
Grocery,434,353,90.7,23.84,22.11,3.3,No,406
Grocery,260,114,28.26,2.6,2.85,3.8,No,166
Beauty & Personal Care,422,300,75.72,9.01,9.24,3.5,No,337
Sports & Outdoors,331,472,116.72,113.63,117.14,5.0,No,531
Fashion,322,31,5.6,71.29,75.06,3.7,No,76
Beauty & Personal Care,304,380,93.15,64.14,60.79,3.3,No,401
Fashion,149,178,47.78,64.75,65.39,3.0,No,224
Fashion,269,129,31.92,29.98,31.48,4.5,No,196
Grocery,556,454,114.8,19.8,21.61,4.3,No,508
Beauty & Personal Care,209,296,75.12,12.55,12.87,3.9,Yes,400
Electronics,402,267,66.58,1108.4,1132.49,5.0,Yes,420
Sports & Outdoors,391,327,84.66,28.84,29.29,3.2,No,371
Home & Kitchen,426,360,92.15,108.45,97.85,3.3,No,395
Beauty & Personal Care,372,488,123.66,62.87,63.18,3.4,No,531
Home & Kitchen,330,420,100.09,77.1,82.14,4.8,Yes,532
Electronics,127,58,15.87,1047.23,1060.62,3.0,No,118
Home & Kitchen,190,144,35.77,167.89,174.9,4.0,No,201
Home & Kitchen,281,381,92.91,181.84,196.73,3.3,No,420
Fashion,319,74,20.83,16.31,15.88,4.5,No,148
Electronics,49,492,120.66,857.42,928.68,4.4,No,564
Beauty & Personal Care,281,106,22.9,48.25,49.83,3.8,Yes,217
Grocery,343,473,116.33,9.23,9.59,3.7,No,523
Beauty & Personal Care,397,137,32.13,62.65,68.03,3.6,No,195
Electronics,49,52,12.57,532.55,546.21,2.4,No,63
Grocery,50,392,98.73,12.36,11.58,5.0,No,438
Sports & Outdoors,75,68,19.54,138.6,126.54,5.0,No,122
Grocery,82,427,104.88,16.25,17.13,5.0,No,491
Home & Kitchen,113,315,75.97,105.03,111.34,4.9,No,375
Sports & Outdoors,344,470,115.4,31.68,30.61,3.1,No,504
Grocery,442,189,48.43,20.65,20.96,4.4,Yes,315
Home & Kitchen,188,449,111.3,148.91,157.25,4.3,No,482
Electronics,101,195,52.03,636.55,628.61,1.6,No,238
Grocery,45,498,125.55,18.56,19.45,3.7,No,544
Home & Kitchen,113,110,28.68,86.07,92.76,4.7,No,178
Sports & Outdoors,166,106,29.66,122.94,113.97,4.7,No,180
Home & Kitchen,361,452,108.88,101.24,96.54,2.8,Yes,529
Home & Kitchen,221,113,26.28,160.8,168.45,3.0,No,161
Home & Kitchen,585,203,48.74,37.42,36.16,5.0,No,274
Electronics,260,325,83.68,368.12,375.82,3.9,No,397
Home & Kitchen,459,361,89.46,190.18,191.82,4.7,Yes,475
Electronics,78,263,66.66,986.65,918.12,3.7,No,279
Sports & Outdoors,419,444,112.59,91.11,87.65,4.5,No,506
Sports & Outdoors,598,310,81.7,229.61,208.01,3.4,No,350
Sports & Outdoors,241,91,20.34,239.78,253.06,4.3,No,167
Beauty & Personal Care,541,477,119.69,68.69,69.03,3.1,Yes,580
Fashion,138,95,20.62,37.09,39.14,4.6,No,140
Grocery,23,411,101.7,21.61,22.64,5.0,No,461
Beauty & Personal Care,567,241,60.92,15.81,16.52,3.8,No,275
Grocery,134,251,64.02,9.5,8.55,4.3,No,301
Sports & Outdoors,365,484,125.86,215.29,216.83,4.7,No,534
Sports & Outdoors,407,465,117.89,242.34,257.42,4.5,Yes,589
Sports & Outdoors,463,472,116.89,94.22,99.11,4.9,No,526
Fashion,194,255,62.38,116.34,110.4,3.6,Yes,369
Home & Kitchen,483,63,18.74,105.01,113.18,2.7,No,101
Home & Kitchen,202,418,101.94,116.75,126.36,4.7,No,462
Home & Kitchen,45,143,35.47,190.93,195.23,5.0,Yes,282
Sports & Outdoors,341,206,45.92,222.78,235.6,3.4,No,258
Sports & Outdoors,563,396,100.45,200.64,218.8,3.8,No,463
Fashion,132,373,91.86,18.89,17.47,3.2,No,398
Fashion,150,158,41.75,67.55,72.73,4.0,Yes,274
Electronics,60,32,8.03,1022.3,1007.43,4.2,No,88
Grocery,452,166,44.27,10.2,9.61,3.9,No,212
Home & Kitchen,389,140,32.4,59.74,55.27,3.9,No,182
Grocery,149,466,111.35,17.42,17.83,4.5,No,519
Electronics,5,82,23.9,909.7,879.15,3.2,No,110
Grocery,280,454,111.64,3.06,2.87,4.1,No,517
Grocery,38,437,108.8,10.54,11.14,3.1,Yes,540
Beauty & Personal Care,200,154,40.45,37.05,40.51,3.3,No,212
Grocery,183,31,8.38,10.96,10.28,3.0,No,67
Sports & Outdoors,509,203,50.02,93.06,99.33,3.3,No,262
Sports & Outdoors,338,456,111.99,219.85,220.45,3.8,No,510
Grocery,577,458,118.59,4.17,4.15,3.8,No,477
Electronics,197,231,59.52,409.04,403.38,3.5,No,273
Grocery,223,72,23.83,20.6,20.58,3.9,Yes,202
Electronics,71,444,107.03,774.55,814.11,4.1,Yes,556
Beauty & Personal Care,248,222,60.8,36.49,35.0,4.1,No,281
Grocery,386,464,118.43,6.18,6.35,3.9,No,515
Beauty & Personal Care,566,107,26.75,57.77,54.99,3.8,No,167
Fashion,339,93,26.0,109.72,115.56,3.6,No,148
Home & Kitchen,259,431,103.36,105.28,99.97,4.7,No,492
Sports & Outdoors,452,150,37.5,172.33,164.78,4.5,No,203
Home & Kitchen,204,274,65.77,133.9,143.55,3.8,Yes,379
Fashion,560,253,63.44,129.72,118.3,4.6,No,318
Sports & Outdoors,351,262,66.74,144.9,152.91,3.1,Yes,359
Beauty & Personal Care,22,202,48.11,13.57,12.25,4.9,No,257
Fashion,129,137,41.51,29.08,31.39,4.4,No,204
Home & Kitchen,232,290,67.33,135.98,148.08,4.0,No,324
Home & Kitchen,434,18,1.0,150.93,146.8,4.4,No,68
Home & Kitchen,469,187,49.55,196.32,178.23,3.2,No,213
Home & Kitchen,294,452,110.79,170.2,183.76,3.5,Yes,562
Home & Kitchen,63,404,97.34,143.47,148.71,4.9,Yes,538
Home & Kitchen,130,479,120.29,28.86,30.9,5.0,No,539
Fashion,209,75,16.33,135.86,143.81,4.1,No,124
Beauty & Personal Care,320,450,109.56,29.93,30.94,3.8,No,494
Home & Kitchen,32,89,22.79,90.9,86.01,3.9,Yes,181
Grocery,474,129,32.29,14.35,13.83,4.5,No,199
Home & Kitchen,461,353,89.94,138.88,148.3,4.3,No,409
Grocery,23,284,73.26,8.46,8.02,3.0,No,339
Home & Kitchen,63,169,37.7,82.84,83.72,4.4,No,230
Fashion,451,197,54.84,40.55,38.84,3.9,No,261
Electronics,527,357,86.45,285.53,270.3,3.5,No,376
Grocery,257,71,18.19,2.01,1.96,4.2,No,132
Grocery,175,190,53.22,11.95,11.56,3.6,No,246
Fashion,460,98,23.69,139.11,146.84,4.1,Yes,241
Grocery,35,275,73.72,21.04,21.66,4.2,No,360
Home & Kitchen,112,197,45.14,23.0,24.63,4.3,Yes,327
Grocery,31,373,98.48,4.36,4.53,4.2,No,403
Sports & Outdoors,136,350,88.76,121.42,119.13,3.8,No,390
Beauty & Personal Care,446,48,1.09,20.6,21.56,5.0,No,104
Beauty & Personal Care,173,316,81.87,61.03,64.61,4.3,Yes,428
Sports & Outdoors,92,136,34.5,185.55,179.11,5.0,No,180
Fashion,24,267,64.14,34.83,33.83,3.7,No,306
Electronics,151,452,112.47,395.8,371.36,3.8,No,477
Sports & Outdoors,565,499,120.56,119.24,117.25,3.1,No,514
Home & Kitchen,353,47,13.66,55.07,59.19,4.8,No,116
Grocery,466,469,117.5,18.54,16.99,4.6,No,526
Beauty & Personal Care,175,396,101.64,47.7,45.92,3.3,Yes,524
Electronics,455,361,88.9,972.59,988.26,4.1,Yes,498
Beauty & Personal Care,469,304,71.87,70.36,68.36,4.5,No,365
Electronics,369,373,93.83,1008.41,984.19,3.8,No,395
Sports & Outdoors,68,141,36.86,61.92,62.95,3.1,No,192
Beauty & Personal Care,411,351,88.26,36.68,39.04,4.2,No,411
Fashion,421,462,116.86,109.31,105.81,4.4,No,505
Grocery,45,330,84.38,4.9,4.86,4.0,No,360
Beauty & Personal Care,200,259,67.75,50.42,45.51,3.3,No,301
Home & Kitchen,547,320,80.62,70.77,75.89,4.2,No,379
Home & Kitchen,53,141,31.9,117.79,111.45,5.0,No,186
Grocery,593,393,97.99,13.43,13.01,3.5,No,433
Grocery,440,459,114.72,13.96,12.93,4.3,Yes,540
Electronics,531,415,102.41,615.42,599.3,4.2,Yes,528
Grocery,596,426,105.58,2.14,2.23,4.9,No,483
Fashion,224,182,47.88,67.28,63.09,4.4,No,232
Grocery,496,80,24.55,11.84,11.59,2.9,No,127
Beauty & Personal Care,168,362,90.67,12.3,12.86,4.8,No,407
Fashion,323,391,99.61,53.02,51.41,4.1,No,435
Electronics,374,467,114.08,228.41,212.52,3.6,Yes,577
Home & Kitchen,323,238,58.62,39.55,40.25,3.7,Yes,374
Electronics,418,22,1.0,748.04,704.45,4.2,Yes,104
Grocery,69,405,100.54,16.34,15.97,3.0,No,410
Fashion,410,375,92.53,31.12,29.94,2.8,No,398
Home & Kitchen,321,195,50.93,140.21,137.78,4.1,No,250
Beauty & Personal Care,299,317,77.6,62.81,66.23,4.8,Yes,457
Grocery,123,243,57.99,6.04,6.64,4.0,Yes,372
Fashion,273,25,5.66,95.59,86.24,3.8,No,86
Home & Kitchen,477,49,11.88,127.03,136.96,4.3,No,104
Fashion,566,425,105.01,112.58,123.16,3.7,No,474
Home & Kitchen,348,340,83.04,116.84,106.9,4.3,No,391
Sports & Outdoors,279,173,42.38,210.81,227.82,5.0,No,250
Sports & Outdoors,198,211,52.13,126.27,138.84,3.6,No,259
Home & Kitchen,296,315,74.42,136.06,136.23,4.5,No,352
Grocery,528,337,84.12,19.03,17.78,3.8,No,364
Home & Kitchen,137,214,52.25,96.83,102.65,4.0,No,243
Home & Kitchen,31,104,29.25,88.96,81.85,4.8,No,146
Beauty & Personal Care,28,237,56.21,27.86,30.54,3.6,No,289
Beauty & Personal Care,399,48,17.88,76.51,70.58,3.8,No,101
Grocery,396,264,60.33,7.2,7.25,3.5,No,324
Home & Kitchen,474,491,126.93,129.55,128.94,2.7,Yes,597
Beauty & Personal Care,5,52,9.58,28.89,27.92,3.2,Yes,154
Electronics,552,126,31.52,629.06,617.76,3.3,No,163
Sports & Outdoors,18,428,105.44,62.87,64.71,3.1,No,470
Grocery,539,356,92.37,24.48,24.12,2.8,No,393
Beauty & Personal Care,296,292,76.51,44.85,43.85,4.1,No,345
Beauty & Personal Care,557,21,1.0,43.54,42.99,4.1,No,68
Home & Kitchen,295,117,27.24,104.72,104.05,1.9,No,137
Beauty & Personal Care,164,325,88.9,26.08,24.32,3.6,No,388
Home & Kitchen,454,112,28.29,180.74,188.3,4.0,No,172
Sports & Outdoors,281,110,32.56,131.04,126.09,5.0,No,158
Electronics,267,35,6.15,460.58,446.84,2.7,Yes,133
Fashion,591,357,88.13,129.79,123.08,4.2,No,416
Electronics,85,471,113.22,802.18,766.14,3.9,No,491
Home & Kitchen,470,22,6.23,31.99,32.06,4.5,No,100
Grocery,66,339,86.03,6.27,6.72,4.2,Yes,459
Electronics,233,185,47.25,521.95,557.15,2.8,No,218
Beauty & Personal Care,266,443,110.63,29.06,29.3,4.6,No,488
Sports & Outdoors,57,262,68.4,174.9,170.98,3.9,No,313
Sports & Outdoors,451,337,80.18,78.71,79.4,3.9,No,365
Grocery,242,337,88.64,21.69,22.56,4.2,Yes,460
Beauty & Personal Care,188,192,49.39,49.98,45.53,3.6,No,227
Home & Kitchen,567,184,46.74,87.85,94.93,3.2,No,218
Beauty & Personal Care,10,281,74.32,55.08,56.41,3.6,No,331
Grocery,534,31,7.37,23.82,24.84,5.0,Yes,180
Grocery,424,477,119.26,20.9,20.12,4.2,Yes,590
Fashion,325,147,36.08,82.98,79.19,3.8,No,172
Beauty & Personal Care,567,26,4.41,70.66,74.68,3.2,No,71
Electronics,5,219,51.33,1065.02,1150.68,3.4,No,285
Fashion,223,481,119.81,69.67,70.94,3.7,No,532
Beauty & Personal Care,430,413,105.77,72.85,75.53,3.5,Yes,505
Sports & Outdoors,409,385,97.92,93.87,88.43,3.7,No,416
Home & Kitchen,229,80,21.88,124.74,127.38,3.9,Yes,209
Beauty & Personal Care,152,390,105.15,78.95,73.92,3.5,Yes,507
Beauty & Personal Care,246,280,70.64,27.67,28.36,3.6,No,328
Beauty & Personal Care,30,233,61.37,38.35,41.63,3.4,No,273
Home & Kitchen,128,496,126.21,90.91,96.18,3.7,No,551
Electronics,262,65,18.03,1039.14,947.25,3.9,Yes,158
Home & Kitchen,239,59,18.67,101.6,106.45,3.0,No,121
Electronics,38,408,104.02,844.6,826.38,4.0,No,450
Electronics,194,369,92.66,1154.88,1238.92,4.1,No,446
Fashion,279,183,45.75,46.51,48.05,2.6,No,217
Electronics,69,400,97.18,786.71,787.23,4.4,Yes,529
Sports & Outdoors,11,175,46.75,214.59,206.03,4.3,No,226
Beauty & Personal Care,547,213,54.47,38.63,40.52,4.9,No,270
Grocery,404,30,9.28,19.02,20.06,3.8,No,94
Beauty & Personal Care,265,207,52.19,55.59,59.83,3.2,Yes,311
Beauty & Personal Care,545,329,80.3,28.59,29.16,3.7,No,346
Beauty & Personal Care,10,357,92.2,75.97,82.77,2.5,Yes,460
Fashion,326,79,18.63,142.76,153.16,3.8,No,161
Fashion,396,140,36.25,126.32,138.62,4.9,No,234
Sports & Outdoors,344,130,32.48,153.17,147.99,3.3,No,170
Electronics,588,317,78.52,737.38,741.55,4.5,No,358
Electronics,91,408,105.28,500.19,498.97,3.9,No,466
Beauty & Personal Care,238,258,67.37,13.95,14.33,4.2,No,325
Electronics,399,286,71.45,208.68,197.55,3.0,Yes,395
Sports & Outdoors,433,355,92.02,229.25,246.91,4.6,No,414
Home & Kitchen,289,393,101.97,96.31,102.23,4.7,No,453
Electronics,431,45,10.21,287.59,308.91,3.2,Yes,139
Beauty & Personal Care,361,149,41.94,71.95,70.04,3.6,No,209
Electronics,46,490,126.65,540.47,573.54,4.7,No,559
Sports & Outdoors,87,474,116.67,49.42,53.05,4.5,No,516
Grocery,196,201,49.45,11.53,11.33,3.5,No,248
Home & Kitchen,469,425,102.49,33.1,29.81,3.7,No,472
Sports & Outdoors,290,353,87.0,70.94,75.73,3.1,No,382
Electronics,588,262,68.0,982.51,1068.53,4.3,No,368
Beauty & Personal Care,380,257,63.52,23.95,24.9,4.3,No,303
Grocery,99,346,87.03,14.98,15.0,3.9,No,393
Sports & Outdoors,523,134,34.19,98.21,97.51,3.3,No,181
Fashion,274,332,86.63,121.23,115.74,3.3,No,356
Beauty & Personal Care,221,467,120.56,62.83,65.83,3.6,No,504
Beauty & Personal Care,553,162,35.84,63.51,67.5,4.5,No,219
Sports & Outdoors,354,397,93.88,78.62,71.13,3.5,No,424
Sports & Outdoors,150,49,12.58,183.56,178.74,4.0,No,84
Beauty & Personal Care,440,253,65.36,17.26,18.93,4.6,No,337
Home & Kitchen,419,33,8.34,46.28,46.47,3.0,No,63
Grocery,351,197,51.85,12.57,11.32,4.7,No,274
Sports & Outdoors,349,160,33.93,230.23,249.72,4.2,Yes,279
Electronics,306,124,31.13,447.07,433.68,4.4,No,168
Electronics,141,371,90.13,270.04,275.52,3.0,No,399
Grocery,231,418,105.64,23.49,23.55,3.5,Yes,543
Home & Kitchen,330,462,112.0,11.3,10.94,5.0,No,499
Electronics,590,480,120.78,465.56,446.48,4.8,No,534
Grocery,220,383,92.56,8.85,8.99,3.4,Yes,506
Sports & Outdoors,97,490,119.52,112.96,120.62,3.8,No,522
Sports & Outdoors,381,24,8.01,146.24,134.92,4.9,No,75
Home & Kitchen,507,187,44.17,160.19,148.55,4.9,No,224
Sports & Outdoors,378,96,18.31,154.85,156.33,3.9,No,153
Fashion,8,26,2.57,67.21,68.16,4.7,No,84
Home & Kitchen,517,293,74.26,46.4,44.24,4.6,No,336
Sports & Outdoors,247,380,95.83,32.52,34.68,4.2,Yes,518
Electronics,452,193,52.63,720.93,704.5,4.7,Yes,289
Grocery,549,371,93.07,17.69,15.99,3.6,No,428
Grocery,36,49,11.44,8.21,8.69,4.6,No,104
Home & Kitchen,84,324,77.62,152.8,161.51,3.0,No,361
Beauty & Personal Care,176,60,15.79,60.04,65.57,3.7,No,112
Home & Kitchen,553,344,85.41,133.49,143.64,3.4,No,355
Home & Kitchen,119,120,35.78,176.04,184.82,3.8,No,181
Grocery,127,417,107.17,4.61,4.85,3.4,No,465
Sports & Outdoors,25,50,13.27,131.57,124.89,2.7,No,105
Sports & Outdoors,5,89,21.63,19.18,20.14,3.5,No,136
Fashion,518,264,65.0,121.37,110.07,3.3,Yes,401
Fashion,34,363,88.59,112.74,109.43,3.5,No,388
Fashion,344,417,103.11,97.41,98.87,3.1,No,465
Home & Kitchen,557,367,92.17,110.73,111.19,3.5,No,415
Electronics,479,365,94.53,904.31,962.93,3.4,No,416
Fashion,280,39,12.7,84.58,85.18,3.7,No,98
Beauty & Personal Care,141,325,79.77,37.12,37.08,3.6,No,376
Fashion,297,377,92.98,49.06,47.99,3.6,Yes,493
Grocery,547,80,19.45,22.86,21.92,2.6,No,122
Fashion,428,170,43.25,108.65,106.25,4.5,Yes,307
Home & Kitchen,401,23,5.11,145.41,133.8,4.0,No,38
Electronics,92,202,50.31,1061.22,974.88,4.0,No,224
Beauty & Personal Care,225,53,12.03,29.51,26.62,4.5,No,130
Electronics,525,66,15.88,170.42,159.25,4.9,No,134
Home & Kitchen,456,350,85.27,51.08,49.14,3.8,No,404
Fashion,133,170,44.03,38.11,39.11,4.7,No,223
Fashion,399,467,115.79,20.35,19.42,3.5,No,474
Beauty & Personal Care,184,378,97.89,53.51,49.93,4.1,No,416
Home & Kitchen,66,155,43.25,136.03,149.11,4.5,No,227
Sports & Outdoors,257,267,68.22,60.86,55.19,3.9,No,319
Fashion,548,427,101.23,57.09,54.91,5.0,Yes,519
Sports & Outdoors,558,443,111.77,64.23,58.3,3.8,No,491
Fashion,593,234,58.51,78.7,77.9,4.2,No,262
Fashion,225,348,89.86,133.52,144.24,4.8,No,424
Beauty & Personal Care,13,438,109.78,33.39,32.26,3.6,No,476
Sports & Outdoors,357,134,33.31,191.74,186.38,3.3,No,156
Grocery,437,261,73.23,9.17,8.35,4.1,Yes,388
Electronics,578,362,95.86,1134.01,1223.39,3.6,Yes,517
Beauty & Personal Care,427,331,78.45,9.4,9.41,3.7,No,373
Home & Kitchen,26,403,96.12,146.98,155.28,4.6,No,467
Fashion,244,357,94.11,135.21,121.77,4.1,Yes,453
Home & Kitchen,114,319,83.23,28.91,27.2,3.5,Yes,421
Beauty & Personal Care,104,402,99.43,42.49,40.81,2.9,No,429
Electronics,333,420,112.15,467.74,511.4,4.1,No,492
Grocery,550,435,107.47,9.24,9.59,3.6,No,484
Electronics,453,112,26.31,709.26,670.15,4.3,No,173
Fashion,118,59,12.28,149.73,147.67,3.8,No,116
Home & Kitchen,87,70,17.93,138.74,127.72,4.2,No,123
Beauty & Personal Care,433,426,109.76,28.36,27.95,3.4,No,482
Home & Kitchen,100,183,44.61,175.55,160.4,2.9,No,209
Home & Kitchen,414,142,38.29,137.62,128.7,3.8,No,194
Grocery,365,379,96.7,1.63,1.51,4.0,No,417
Grocery,463,489,128.02,18.18,19.97,5.0,No,552
Home & Kitchen,344,160,37.48,98.08,100.98,3.7,Yes,274
Home & Kitchen,58,238,62.27,136.72,148.88,4.1,No,304
Sports & Outdoors,123,94,20.49,32.7,33.62,3.6,No,146
Sports & Outdoors,48,326,84.58,154.32,154.81,3.9,No,378
Fashion,474,303,72.05,103.77,96.39,4.5,No,363
Home & Kitchen,59,434,107.24,189.73,190.01,3.7,No,481
Sports & Outdoors,201,90,20.0,48.22,50.37,5.0,No,148
Home & Kitchen,274,311,77.36,156.17,169.07,5.0,No,385
Fashion,128,303,82.62,64.92,60.03,5.0,No,364
Home & Kitchen,140,53,7.55,156.78,156.19,4.1,No,87
Beauty & Personal Care,576,115,28.03,62.98,65.63,4.2,Yes,252
Sports & Outdoors,231,138,30.12,44.19,48.11,4.8,No,188
Home & Kitchen,403,199,48.57,121.84,115.94,4.7,No,264
Home & Kitchen,335,400,102.0,106.57,100.25,3.4,No,446
Electronics,538,182,41.34,302.32,323.98,3.0,No,207
Fashion,492,459,115.35,89.38,97.6,4.7,No,519
Electronics,286,136,35.27,441.26,459.82,3.8,No,194
Fashion,105,387,96.47,48.13,49.62,3.8,No,423
Grocery,211,294,72.84,3.2,3.52,4.3,No,361
Fashion,87,38,13.09,42.01,41.75,5.0,No,106
Fashion,275,170,43.66,85.42,79.64,3.3,No,200
Fashion,331,307,78.84,149.86,152.31,3.5,No,341
Sports & Outdoors,387,301,72.3,28.75,28.67,4.7,No,361
Grocery,476,207,51.45,9.4,9.08,4.8,No,268
Grocery,351,148,37.11,12.07,12.59,2.9,Yes,266
Beauty & Personal Care,252,446,108.35,57.41,59.49,4.0,No,471
Electronics,125,230,56.28,766.05,722.61,2.9,No,228
Sports & Outdoors,560,242,63.67,65.68,70.49,4.3,No,302
Beauty & Personal Care,568,460,114.44,70.47,70.54,4.2,No,510
Grocery,209,135,33.0,8.31,7.99,3.9,Yes,240
Grocery,75,342,82.41,12.62,12.78,2.9,No,369
Grocery,401,213,52.81,2.83,2.92,3.6,No,254
Beauty & Personal Care,187,385,97.05,59.97,56.04,3.5,Yes,473
Beauty & Personal Care,411,82,21.04,75.21,72.98,3.1,No,116
Fashion,210,253,65.12,106.57,101.25,4.2,No,309
Fashion,545,318,77.11,27.76,29.09,4.4,No,380
Grocery,375,16,1.49,21.13,20.67,2.8,Yes,130
Grocery,381,36,9.0,5.75,5.39,4.2,Yes,157
Electronics,527,94,25.1,980.93,911.32,3.4,No,132
Home & Kitchen,410,139,32.24,145.38,159.13,3.8,Yes,301
Grocery,591,475,117.4,12.72,13.75,3.8,Yes,577
Fashion,436,179,42.11,97.46,103.1,4.4,No,244
Grocery,506,445,107.96,5.96,6.33,3.0,No,483
Grocery,369,357,92.19,9.1,8.71,4.2,Yes,473
Grocery,300,202,53.63,24.75,25.3,4.0,No,264
Fashion,216,87,23.88,82.44,90.03,4.0,No,145
Beauty & Personal Care,12,293,72.04,10.37,10.8,4.7,No,342
Beauty & Personal Care,274,107,24.51,44.08,45.48,3.9,Yes,219
Home & Kitchen,267,44,13.74,140.75,128.41,3.8,Yes,160
Sports & Outdoors,363,27,8.94,190.82,194.72,3.1,Yes,146
Fashion,598,17,4.35,84.88,81.88,3.8,No,87
Electronics,461,440,110.79,459.18,461.82,4.0,No,477
Electronics,218,285,69.14,1062.93,979.92,3.6,No,298
Sports & Outdoors,242,173,45.37,149.99,135.38,3.3,No,210
Beauty & Personal Care,91,287,72.71,18.98,19.48,4.1,Yes,411
Fashion,507,431,113.06,143.01,148.41,4.0,No,490
Beauty & Personal Care,133,284,67.76,49.19,52.17,3.3,No,310
Electronics,190,375,92.73,928.76,863.29,3.6,Yes,442
Fashion,35,75,16.6,43.49,44.0,4.6,No,149
Fashion,416,414,104.43,58.94,56.2,4.9,No,474
Fashion,591,158,40.33,136.07,144.05,3.1,No,198
Beauty & Personal Care,199,336,86.84,60.47,55.68,4.3,Yes,470
Electronics,277,209,55.88,906.26,935.17,4.5,No,276
Electronics,364,206,53.36,1041.88,982.06,3.4,No,241
Grocery,581,494,119.48,24.56,26.34,2.9,Yes,592
Electronics,130,377,90.94,1133.92,1212.67,4.2,No,436
Home & Kitchen,439,416,106.17,190.86,199.95,4.5,No,455
Beauty & Personal Care,423,459,113.02,58.15,53.64,1.6,Yes,530
Grocery,46,308,74.89,8.9,8.18,4.3,Yes,411
Grocery,448,357,89.0,4.4,4.72,3.8,No,399
Grocery,208,152,39.73,16.0,16.95,3.1,No,187
Home & Kitchen,392,157,39.41,165.32,172.8,4.7,Yes,292
Beauty & Personal Care,320,311,80.38,47.15,48.8,4.3,No,372
Fashion,302,459,116.59,47.5,51.3,4.1,No,502
Home & Kitchen,213,235,55.85,36.34,37.19,3.8,No,294
Beauty & Personal Care,576,352,87.76,9.38,9.67,3.5,No,420
Electronics,278,103,22.29,740.71,686.38,4.2,Yes,217
Home & Kitchen,263,129,37.67,124.65,113.59,4.6,No,216
Sports & Outdoors,94,334,76.7,140.56,146.28,4.8,No,389
Fashion,253,158,43.26,57.24,56.07,4.3,Yes,290
Electronics,73,475,118.86,310.2,326.25,3.4,No,531
Grocery,295,299,76.19,18.75,17.27,3.7,Yes,412
Fashion,60,434,106.87,105.35,114.11,3.5,Yes,545
Fashion,407,36,9.19,105.54,108.64,4.4,Yes,159
Electronics,78,301,73.29,508.76,474.22,4.2,No,338
Home & Kitchen,385,128,35.66,51.33,53.51,3.7,No,186
Beauty & Personal Care,284,332,85.65,55.58,50.17,4.3,Yes,459
Beauty & Personal Care,135,477,116.08,60.63,56.72,3.3,No,484
Fashion,196,399,97.28,96.15,87.51,3.7,No,432
Beauty & Personal Care,332,406,103.34,70.28,74.2,4.7,Yes,531
Grocery,541,179,48.14,14.3,13.82,2.0,Yes,277
Beauty & Personal Care,143,150,29.91,73.49,76.54,3.9,No,199
Home & Kitchen,83,141,38.85,53.67,49.43,3.0,Yes,262
Sports & Outdoors,314,15,3.35,246.25,235.99,3.2,No,53
Electronics,153,129,36.03,339.02,318.63,2.9,No,167
Fashion,152,223,55.36,86.04,83.55,4.1,No,274
Home & Kitchen,109,173,47.0,51.13,52.5,2.7,Yes,264
Sports & Outdoors,328,295,74.04,98.36,106.59,4.2,No,370
Grocery,440,376,99.36,4.36,4.16,3.3,No,439
Grocery,166,233,62.08,7.12,7.59,3.4,No,293
Fashion,591,50,16.45,65.14,66.52,3.3,No,120
Home & Kitchen,343,414,103.8,189.45,170.61,3.5,Yes,529
Electronics,475,266,64.0,487.86,469.16,4.5,No,336
Home & Kitchen,106,128,35.44,87.19,85.27,2.0,No,151
Beauty & Personal Care,580,265,67.81,38.27,39.55,4.2,Yes,377
Grocery,294,146,36.4,21.99,23.52,3.7,No,205
Sports & Outdoors,105,251,65.22,46.35,50.22,4.0,No,304
Home & Kitchen,313,385,93.2,123.46,128.23,3.3,No,420
Home & Kitchen,181,287,72.08,117.83,127.79,3.1,No,351
Grocery,150,401,97.86,21.78,20.39,4.8,Yes,536
Home & Kitchen,444,229,47.79,55.35,54.77,4.2,No,260
Grocery,533,370,90.15,20.22,20.57,4.4,Yes,484
Grocery,113,143,36.64,19.13,18.91,4.0,Yes,264
Grocery,205,181,45.59,8.1,8.45,4.6,No,250
Beauty & Personal Care,370,225,63.51,36.19,35.08,3.8,No,280
Sports & Outdoors,404,246,63.73,171.19,173.29,4.1,No,313
Electronics,440,120,30.77,884.2,970.05,4.3,Yes,290
Beauty & Personal Care,123,385,92.31,72.05,73.97,3.2,Yes,492
Beauty & Personal Care,327,296,73.37,15.04,15.42,3.7,No,354
Sports & Outdoors,315,181,44.64,129.56,131.29,4.0,No,212
Beauty & Personal Care,152,107,32.02,55.74,54.43,3.5,No,165
Home & Kitchen,457,456,112.54,125.07,123.54,2.2,No,453
Electronics,573,418,104.51,1159.36,1149.73,1.8,No,428
Electronics,179,419,103.35,743.71,787.92,4.3,No,484
Electronics,263,149,38.54,885.84,871.28,4.9,No,226
Electronics,451,58,14.92,208.07,211.89,4.0,No,117
Electronics,61,411,107.55,817.17,852.16,4.3,No,487
Home & Kitchen,384,38,11.32,135.13,134.81,4.4,No,91
Grocery,561,469,113.17,8.18,8.87,4.2,No,512
Home & Kitchen,333,400,102.83,184.87,183.27,3.6,No,445
Home & Kitchen,365,364,89.86,88.75,87.8,4.5,No,406
Home & Kitchen,107,487,121.22,40.76,39.36,3.6,No,529
Fashion,17,62,10.65,131.37,133.91,3.5,No,110
Home & Kitchen,495,98,25.7,116.17,113.5,3.1,No,137
Grocery,176,454,113.38,18.25,18.65,5.0,No,514
Sports & Outdoors,467,191,47.59,211.74,191.21,3.8,No,232
Home & Kitchen,71,145,39.61,26.59,26.15,3.7,No,205
Fashion,171,169,41.03,101.45,109.96,2.6,Yes,274
Grocery,348,359,85.79,15.64,16.5,3.2,No,400
Electronics,512,239,60.5,714.47,681.35,3.7,No,270
Beauty & Personal Care,467,346,82.14,28.11,27.93,3.2,No,355
Beauty & Personal Care,217,481,121.31,24.17,22.01,4.3,No,544
Electronics,532,495,117.42,928.85,998.86,3.7,No,553
Beauty & Personal Care,276,166,45.68,24.59,23.43,4.4,Yes,283
Home & Kitchen,542,223,58.96,126.14,114.04,3.8,No,262
Grocery,161,42,11.07,8.05,8.18,2.4,No,106
Home & Kitchen,297,257,61.91,186.01,169.4,2.0,Yes,350
Home & Kitchen,567,491,120.15,95.57,101.65,2.9,No,514
